Smileys & Emotion	😀	grinning face	cheerful|cheery|face|grin|grinning|happy|laugh|nice|smile|smiling|teeth	1.0	
Smileys & Emotion	😃	grinning face with big eyes	awesome|big|eyes|face|grin|grinning|happy|mouth|open|smile|smiling|teeth|yay	0.6	
Smileys & Emotion	😄	grinning face with smiling eyes	eye|eyes|face|grin|grinning|happy|laugh|lol|mouth|open|smile|smiling	0.6	
Smileys & Emotion	😁	beaming face with smiling eyes	beaming|eye|eyes|face|grin|grinning|happy|nice|smile|smiling|teeth	0.6	
Smileys & Emotion	😆	grinning squinting face	closed|eyes|face|grinning|haha|hahaha|happy|laugh|lol|mouth|open|rofl|smile|smiling|squinting	0.6	
Smileys & Emotion	😅	grinning face with sweat	cold|dejected|excited|face|grinning|mouth|nervous|open|smile|smiling|stress|stressed|sweat	0.6	
Smileys & Emotion	🤣	rolling on the floor laughing	crying|face|floor|funny|haha|happy|hehe|hilarious|joy|laugh|lmao|lol|rofl|roflmao|rolling|tear	3.0	
Smileys & Emotion	😂	face with tears of joy	crying|face|feels|funny|haha|happy|hehe|hilarious|joy|laugh|lmao|lol|rofl|roflmao|tear	0.6	
Smileys & Emotion	🙂	slightly smiling face	face|happy|slightly|smile|smiling	1.0	
Smileys & Emotion	🙃	upside-down face	face|hehe|smile|upside-down	1.0	
Smileys & Emotion	🫠	melting face	disappear|dissolve|embarrassed|face|haha|heat|hot|liquid|lol|melt|melting|sarcasm|sarcastic	14.0	
Smileys & Emotion	🫫	cracking face		18.0	
Smileys & Emotion	😉	winking face	face|flirt|heartbreaker|sexy|slide|tease|wink|winking|winks	0.6	
Smileys & Emotion	😊	smiling face with smiling eyes	blush|eye|eyes|face|glad|satisfied|smile|smiling	0.6	
Smileys & Emotion	😇	smiling face with halo	angel|angelic|angels|blessed|face|fairy|fairytale|fantasy|halo|happy|innocent|peaceful|smile|smiling|spirit|tale	1.0	
Smileys & Emotion	🥰	smiling face with hearts	3|adore|crush|face|heart|hearts|ily|love|romance|smile|smiling|you	11.0	
Smileys & Emotion	😍	smiling face with heart-eyes	143|bae|eye|face|feels|heart-eyes|hearts|ily|kisses|love|romance|romantic|smile|xoxo	0.6	
Smileys & Emotion	🤩	star-struck	excited|eyes|face|grinning|smile|star|star-struck|starry-eyed|wow	5.0	
Smileys & Emotion	😘	face blowing a kiss	adorbs|bae|blowing|face|flirt|heart|ily|kiss|love|lover|miss|muah|romantic|smooch|xoxo|you	0.6	
Smileys & Emotion	😗	kissing face	143|date|dating|face|flirt|ily|kiss|love|smooch|smooches|xoxo|you	1.0	
Smileys & Emotion	☺️	smiling face	face|happy|outlined|relaxed|smile|smiling	0.6	
Smileys & Emotion	😚	kissing face with closed eyes	143|bae|blush|closed|date|dating|eye|eyes|face|flirt|ily|kisses|kissing|smooches|xoxo	0.6	
Smileys & Emotion	😙	kissing face with smiling eyes	143|closed|date|dating|eye|eyes|face|flirt|ily|kiss|kisses|kissing|love|night|smile|smiling	1.0	
Smileys & Emotion	🥲	smiling face with tear	face|glad|grateful|happy|joy|pain|proud|relieved|smile|smiley|smiling|tear|touched	13.0	
Smileys & Emotion	😋	face savoring food	delicious|eat|face|food|full|hungry|savor|smile|smiling|tasty|um|yum|yummy	0.6	
Smileys & Emotion	😛	face with tongue	awesome|cool|face|nice|party|stuck-out|sweet|tongue	1.0	
Smileys & Emotion	😜	winking face with tongue	crazy|epic|eye|face|funny|joke|loopy|nutty|party|stuck-out|tongue|wacky|weirdo|wink|winking|yolo	0.6	
Smileys & Emotion	🤪	zany face	crazy|eye|eyes|face|goofy|large|small|zany	5.0	
Smileys & Emotion	😝	squinting face with tongue	closed|eye|eyes|face|gross|horrible|omg|squinting|stuck-out|taste|tongue|whatever|yolo	0.6	
Smileys & Emotion	🤑	money-mouth face	face|money|money-mouth|mouth|paid	1.0	
Smileys & Emotion	🤗	smiling face with open hands	face|hands|hug|hugging|open|smiling	1.0	
Smileys & Emotion	🤭	face with hand over mouth	face|giggle|giggling|hand|mouth|oops|realization|secret|shock|sudden|surprise|whoops	5.0	
Smileys & Emotion	🫢	face with open eyes and hand over mouth	amazement|awe|disbelief|embarrass|eyes|face|gasp|hand|mouth|omg|open|over|quiet|scared|shock|surprise	14.0	
Smileys & Emotion	🫣	face with peeking eye	captivated|embarrass|eye|face|hide|hiding|peek|peeking|peep|scared|shy|stare	14.0	
Smileys & Emotion	🤫	shushing face	face|quiet|shh|shush|shushing	5.0	
Smileys & Emotion	🤔	thinking face	chin|consider|face|hmm|ponder|pondering|thinking|wondering	1.0	
Smileys & Emotion	🫡	saluting face	face|good|luck|ma’am|OK|respect|salute|saluting|sir|troops|yes	14.0	
Smileys & Emotion	🤐	zipper-mouth face	face|keep|mouth|quiet|secret|shut|zip|zipper|zipper-mouth	1.0	
Smileys & Emotion	🤨	face with raised eyebrow	disapproval|disbelief|distrust|emoji|eyebrow|face|hmm|mild|raised|skeptic|skeptical|skepticism|surprise|what	5.0	
Smileys & Emotion	😐	neutral face	awkward|blank|deadpan|expressionless|face|fine|jealous|meh|neutral|oh|shade|straight|unamused|unhappy|unimpressed|whatever	0.7	
Smileys & Emotion	😑	expressionless face	awkward|dead|expressionless|face|fine|inexpressive|jealous|meh|not|oh|omg|straight|uh|unhappy|unimpressed|whatever	1.0	
Smileys & Emotion	😶	face without mouth	awkward|blank|expressionless|face|mouth|mouthless|mute|quiet|secret|silence|silent|speechless	1.0	
Smileys & Emotion	🫥	dotted line face	depressed|disappear|dotted|face|hidden|hide|introvert|invisible|line|meh|whatever|wtv	14.0	
Smileys & Emotion	😶‍🌫️	face in clouds	absentminded|clouds|face|fog|head	13.1	
Smileys & Emotion	😏	smirking face	boss|dapper|face|flirt|homie|kidding|leer|shade|slick|sly|smirk|smug|snicker|suave|suspicious|swag	0.6	
Smileys & Emotion	😒	unamused face	...|bored|face|fine|jealous|jel|jelly|pissed|smh|ugh|uhh|unamused|unhappy|weird|whatever	0.6	
Smileys & Emotion	🙄	face with rolling eyes	eyeroll|eyes|face|rolling|shade|ugh|whatever	1.0	
Smileys & Emotion	😬	grimacing face	awk|awkward|dentist|face|grimace|grimacing|grinning|smile|smiling	1.0	
Smileys & Emotion	😮‍💨	face exhaling	blow|blowing|exhale|exhaling|exhausted|face|gasp|groan|relief|sigh|smiley|smoke|whisper|whistle	13.1	
Smileys & Emotion	🤥	lying face	face|liar|lie|lying|pinocchio	3.0	
Smileys & Emotion	🫨	shaking face	crazy|daze|earthquake|face|omg|panic|shaking|shock|surprise|vibrate|whoa|wow	15.0	
Smileys & Emotion	🙂‍↔️	head shaking horizontally	head|horizontally|no|shake|shaking	15.1	
Smileys & Emotion	🙂‍↕️	head shaking vertically	head|nod|shaking|vertically|yes	15.1	
Smileys & Emotion	😌	relieved face	calm|face|peace|relief|relieved|zen	0.6	
Smileys & Emotion	😔	pensive face	awful|bored|dejected|died|disappointed|face|losing|lost|pensive|sad|sucks	0.6	
Smileys & Emotion	😪	sleepy face	crying|face|good|night|sad|sleep|sleeping|sleepy|tired	0.6	
Smileys & Emotion	🤤	drooling face	drooling|face	3.0	
Smileys & Emotion	😴	sleeping face	bed|bedtime|face|good|goodnight|nap|night|sleep|sleeping|tired|whatever|yawn|zzz	1.0	
Smileys & Emotion	🫩	face with bags under eyes	bags|bored|exhausted|eyes|face|fatigued|late|sleepy|tired|weary	16.0	
Smileys & Emotion	😷	face with medical mask	cold|dentist|dermatologist|doctor|dr|face|germs|mask|medical|medicine|sick	0.6	
Smileys & Emotion	🤒	face with thermometer	face|ill|sick|thermometer	1.0	
Smileys & Emotion	🤕	face with head-bandage	bandage|face|head-bandage|hurt|injury|ouch	1.0	
Smileys & Emotion	🤢	nauseated face	face|gross|nasty|nauseated|sick|vomit	3.0	
Smileys & Emotion	🤮	face vomiting	barf|ew|face|gross|puke|sick|spew|throw|up|vomit|vomiting	5.0	
Smileys & Emotion	🤧	sneezing face	face|fever|flu|gesundheit|sick|sneeze|sneezing	3.0	
Smileys & Emotion	🥵	hot face	dying|face|feverish|heat|hot|panting|red-faced|stroke|sweating|tongue	11.0	
Smileys & Emotion	🥶	cold face	blue|blue-faced|cold|face|freezing|frostbite|icicles|subzero|teeth	11.0	
Smileys & Emotion	🥴	woozy face	dizzy|drunk|eyes|face|intoxicated|mouth|tipsy|uneven|wavy|woozy	11.0	
Smileys & Emotion	😵	face with crossed-out eyes	crossed-out|dead|dizzy|eyes|face|feels|knocked|out|sick|tired	0.6	
Smileys & Emotion	😵‍💫	face with spiral eyes	confused|dizzy|eyes|face|hypnotized|omg|smiley|spiral|trouble|whoa|woah|woozy	13.1	
Smileys & Emotion	🤯	exploding head	blown|explode|exploding|head|mind|mindblown|no|shocked|way	5.0	
Smileys & Emotion	🤠	cowboy hat face	cowboy|cowgirl|face|hat	3.0	
Smileys & Emotion	🥳	partying face	bday|birthday|celebrate|celebration|excited|face|happy|hat|hooray|horn|party|partying	11.0	
Smileys & Emotion	🥸	disguised face	disguise|eyebrow|face|glasses|incognito|moustache|mustache|nose|person|spy|tache|tash	13.0	
Smileys & Emotion	😎	smiling face with sunglasses	awesome|beach|bright|bro|chilling|cool|face|rad|relaxed|shades|slay|smile|style|sunglasses|swag|win	1.0	
Smileys & Emotion	🤓	nerd face	brainy|clever|expert|face|geek|gifted|glasses|intelligent|nerd|smart	1.0	
Smileys & Emotion	🧐	face with monocle	classy|face|fancy|monocle|rich|stuffy|wealthy	5.0	
Smileys & Emotion	😕	confused face	befuddled|confused|confusing|dunno|face|frown|hm|meh|not|sad|sorry|sure	1.0	
Smileys & Emotion	🫤	face with diagonal mouth	confused|confusion|diagonal|disappointed|doubt|doubtful|face|frustrated|frustration|meh|mouth|skeptical|unsure|whatever|wtv	14.0	
Smileys & Emotion	😟	worried face	anxious|butterflies|face|nerves|nervous|sad|stress|stressed|surprised|worried|worry	1.0	
Smileys & Emotion	🙁	slightly frowning face	face|frown|frowning|sad|slightly	1.0	
Smileys & Emotion	☹️	frowning face	face|frown|frowning|sad	0.7	
Smileys & Emotion	😮	face with open mouth	believe|face|forgot|mouth|omg|open|shocked|surprised|sympathy|unbelievable|unreal|whoa|wow|you	1.0	
Smileys & Emotion	😯	hushed face	epic|face|hushed|omg|stunned|surprised|whoa|woah	1.0	
Smileys & Emotion	😲	astonished face	astonished|cost|face|no|omg|shocked|totally|way	0.6	
Smileys & Emotion	😳	flushed face	amazed|awkward|crazy|dazed|dead|disbelief|embarrassed|face|flushed|geez|heat|hot|impressed|jeez|what|wow	0.6	
Smileys & Emotion	🫪	distorted face	anxiety|bloated|panic|shocked|surprised|vulnerable	17.0	
Smileys & Emotion	🥺	pleading face	begging|big|eyes|face|mercy|not|pleading|please|pretty|puppy|sad|why	11.0	
Smileys & Emotion	🥹	face holding back tears	admiration|aww|back|cry|embarrassed|face|feelings|grateful|gratitude|holding|joy|please|proud|resist|sad|tears	14.0	
Smileys & Emotion	😦	frowning face with open mouth	caught|face|frown|frowning|guard|mouth|open|scared|scary|surprise|what|wow	1.0	
Smileys & Emotion	😧	anguished face	anguished|face|forgot|scared|scary|stressed|surprise|unhappy|what|wow	1.0	
Smileys & Emotion	😨	fearful face	afraid|anxious|blame|face|fear|fearful|scared|worried	0.6	
Smileys & Emotion	😰	anxious face with sweat	anxious|blue|cold|eek|face|mouth|nervous|open|rushed|scared|sweat|yikes	0.6	
Smileys & Emotion	😥	sad but relieved face	anxious|call|close|complicated|disappointed|face|not|relieved|sad|sweat|time|whew	0.6	
Smileys & Emotion	😢	crying face	awful|cry|crying|face|feels|miss|sad|tear|triste|unhappy	0.6	
Smileys & Emotion	😭	loudly crying face	bawling|cry|crying|face|loudly|sad|sob|tear|tears|unhappy	0.6	
Smileys & Emotion	😱	face screaming in fear	epic|face|fear|fearful|munch|scared|scream|screamer|screaming|shocked|surprised|woah	0.6	
Smileys & Emotion	😖	confounded face	annoyed|confounded|confused|cringe|distraught|face|feels|frustrated|mad|sad	0.6	
Smileys & Emotion	😣	persevering face	concentrate|concentration|face|focus|headache|persevere|persevering	0.6	
Smileys & Emotion	😞	disappointed face	awful|blame|dejected|disappointed|face|fail|losing|sad|unhappy	0.6	
Smileys & Emotion	😓	downcast face with sweat	close|cold|downcast|face|feels|headache|nervous|sad|scared|sweat|yikes	0.6	
Smileys & Emotion	😩	weary face	crying|face|fail|feels|hungry|mad|nooo|sad|sleepy|tired|unhappy|weary	0.6	
Smileys & Emotion	😫	tired face	cost|face|feels|nap|sad|sneeze|tired	0.6	
Smileys & Emotion	🥱	yawning face	bedtime|bored|face|goodnight|nap|night|sleep|sleepy|tired|whatever|yawn|yawning|zzz	12.0	
Smileys & Emotion	😤	face with steam from nose	anger|angry|face|feels|fume|fuming|furious|fury|mad|nose|steam|triumph|unhappy|won	0.6	
Smileys & Emotion	😡	enraged face	anger|angry|enraged|face|feels|mad|maddening|pouting|rage|red|shade|unhappy|upset	0.6	
Smileys & Emotion	😠	angry face	anger|angry|blame|face|feels|frustrated|mad|maddening|rage|shade|unhappy|upset	0.6	
Smileys & Emotion	🤬	face with symbols on mouth	censor|cursing|cussing|face|mad|mouth|pissed|swearing|symbols	5.0	
Smileys & Emotion	😈	smiling face with horns	demon|devil|evil|face|fairy|fairytale|fantasy|horns|purple|shade|smile|smiling|tale	1.0	
Smileys & Emotion	👿	angry face with horns	angry|demon|devil|evil|face|fairy|fairytale|fantasy|horns|imp|mischievous|purple|shade|tale	0.6	
Smileys & Emotion	💀	skull	body|dead|death|face|fairy|fairytale|i’m|lmao|monster|skull|tale|yolo	0.6	
Smileys & Emotion	☠️	skull and crossbones	bone|crossbones|dead|death|face|monster|skull	1.0	
Smileys & Emotion	💩	pile of poo	bs|comic|doo|dung|face|fml|monster|pile|poo|poop|smelly|smh|stink|stinks|stinky|turd	0.6	
Smileys & Emotion	🤡	clown face	clown|face	3.0	
Smileys & Emotion	👹	ogre	creature|devil|face|fairy|fairytale|fantasy|mask|monster|ogre|scary|tale	0.6	
Smileys & Emotion	👺	goblin	angry|creature|face|fairy|fairytale|fantasy|goblin|mask|mean|monster|tale	0.6	
Smileys & Emotion	👻	ghost	boo|creature|excited|face|fairy|fairytale|fantasy|ghost|halloween|haunting|monster|scary|silly|tale	0.6	
Smileys & Emotion	👽	alien	alien|creature|extraterrestrial|face|fairy|fairytale|fantasy|monster|space|tale|ufo	0.6	
Smileys & Emotion	👾	alien monster	alien|creature|extraterrestrial|face|fairy|fairytale|fantasy|game|gamer|games|monster|pixelated|space|tale|ufo	0.6	
Smileys & Emotion	🤖	robot	face|monster|robot	1.0	
Smileys & Emotion	😺	grinning cat	animal|cat|face|grinning|mouth|open|smile|smiling	0.6	
Smileys & Emotion	😸	grinning cat with smiling eyes	animal|cat|eye|eyes|face|grin|grinning|smile|smiling	0.6	
Smileys & Emotion	😹	cat with tears of joy	animal|cat|face|joy|laugh|laughing|lol|tear|tears	0.6	
Smileys & Emotion	😻	smiling cat with heart-eyes	animal|cat|eye|face|heart|heart-eyes|love|smile|smiling	0.6	
Smileys & Emotion	😼	cat with wry smile	animal|cat|face|ironic|smile|wry	0.6	
Smileys & Emotion	😽	kissing cat	animal|cat|closed|eye|eyes|face|kiss|kissing	0.6	
Smileys & Emotion	🙀	weary cat	animal|cat|face|oh|surprised|weary	0.6	
Smileys & Emotion	😿	crying cat	animal|cat|cry|crying|face|sad|tear	0.6	
Smileys & Emotion	😾	pouting cat	animal|cat|face|pouting	0.6	
Smileys & Emotion	🙈	see-no-evil monkey	embarrassed|evil|face|forbidden|forgot|gesture|hide|monkey|no|omg|prohibited|scared|secret|smh|watch	0.6	
Smileys & Emotion	🙉	hear-no-evil monkey	animal|ears|evil|face|forbidden|gesture|hear|listen|monkey|no|not|prohibited|secret|shh|tmi	0.6	
Smileys & Emotion	🙊	speak-no-evil monkey	animal|evil|face|forbidden|gesture|monkey|no|not|oops|prohibited|quiet|secret|speak|stealth	0.6	
Smileys & Emotion	💌	love letter	heart|letter|love|mail|romance|valentine	0.6	
Smileys & Emotion	💘	heart with arrow	143|adorbs|arrow|cupid|date|emotion|heart|ily|love|romance|valentine	0.6	
Smileys & Emotion	💝	heart with ribbon	143|anniversary|emotion|heart|ily|kisses|ribbon|valentine|xoxo	0.6	
Smileys & Emotion	💖	sparkling heart	143|emotion|excited|good|heart|ily|kisses|morning|night|sparkle|sparkling|xoxo	0.6	
Smileys & Emotion	💗	growing heart	143|emotion|excited|growing|heart|heartpulse|ily|kisses|muah|nervous|pulse|xoxo	0.6	
Smileys & Emotion	💓	beating heart	143|beating|cardio|emotion|heart|heartbeat|ily|love|pulsating|pulse	0.6	
Smileys & Emotion	💞	revolving hearts	143|adorbs|anniversary|emotion|heart|hearts|revolving	0.6	
Smileys & Emotion	💕	two hearts	143|anniversary|date|dating|emotion|heart|hearts|ily|kisses|love|loving|two|xoxo	0.6	
Smileys & Emotion	💟	heart decoration	143|decoration|emotion|heart|hearth|purple|white	0.6	
Smileys & Emotion	❣️	heart exclamation	exclamation|heart|heavy|mark|punctuation	1.0	
Smileys & Emotion	💔	broken heart	break|broken|crushed|emotion|heart|heartbroken|lonely|sad	0.6	
Smileys & Emotion	❤️‍🔥	heart on fire	burn|fire|heart|love|lust|sacred	13.1	
Smileys & Emotion	❤️‍🩹	mending heart	healthier|heart|improving|mending|recovering|recuperating|well	13.1	
Smileys & Emotion	❤️	red heart	emotion|heart|love|red	0.6	
Smileys & Emotion	🩷	pink heart	143|adorable|cute|emotion|heart|ily|like|love|pink|special|sweet	15.0	
Smileys & Emotion	🧡	orange heart	143|heart|orange	5.0	
Smileys & Emotion	💛	yellow heart	143|cardiac|emotion|heart|ily|love|yellow	0.6	
Smileys & Emotion	💚	green heart	143|emotion|green|heart|ily|love|romantic	0.6	
Smileys & Emotion	💙	blue heart	143|blue|emotion|heart|ily|love|romance	0.6	
Smileys & Emotion	🩵	light blue heart	143|blue|cute|cyan|emotion|heart|ily|light|like|love|sky|special|teal	15.0	
Smileys & Emotion	💜	purple heart	143|bestest|emotion|heart|ily|love|purple	0.6	
Smileys & Emotion	🤎	brown heart	143|brown|heart	12.0	
Smileys & Emotion	🖤	black heart	black|evil|heart|wicked	3.0	
Smileys & Emotion	🩶	grey heart	143|emotion|gray|grey|heart|ily|love|silver|slate|special	15.0	
Smileys & Emotion	🤍	white heart	143|heart|white	12.0	
Smileys & Emotion	💋	kiss mark	dating|emotion|heart|kiss|kissing|lips|mark|romance|sexy	0.6	
Smileys & Emotion	💯	hundred points	100|a+|agree|clearly|definitely|faithful|fleek|full|hundred|keep|perfect|point|score|TRUE|truth|yup	0.6	
Smileys & Emotion	💢	anger symbol	anger|angry|comic|mad|symbol|upset	0.6	
Smileys & Emotion	🫯	fight cloud	argument|brawl|debate|disagreement|fight|ruckus|wrestle	17.0	
Smileys & Emotion	💥	collision	bomb|boom|collide|collision|comic|explode	0.6	
Smileys & Emotion	💫	dizzy	comic|dizzy|shining|shooting|star|stars	0.6	
Smileys & Emotion	💦	sweat droplets	comic|drip|droplet|droplets|drops|splashing|squirt|sweat|water|wet|work|workout	0.6	
Smileys & Emotion	💨	dashing away	away|cloud|comic|dash|dashing|fart|fast|go|gone|gotta|running|smoke	0.6	
Smileys & Emotion	🕳️	hole	hole	0.7	
Smileys & Emotion	💬	speech balloon	balloon|bubble|comic|dialog|message|sms|speech|talk|text|typing	0.6	
Smileys & Emotion	👁️‍🗨️	eye in speech bubble	balloon|bubble|eye|speech|witness	2.0	
Smileys & Emotion	🗨️	left speech bubble	balloon|bubble|dialog|left|speech	2.0	
Smileys & Emotion	🗯️	right anger bubble	anger|angry|balloon|bubble|mad|right	0.7	
Smileys & Emotion	💭	thought balloon	balloon|bubble|cartoon|cloud|comic|daydream|decisions|dream|idea|invent|invention|realize|think|thoughts|wonder	1.0	
Smileys & Emotion	💤	ZZZ	comic|good|goodnight|night|sleep|sleeping|sleepy|tired|zzz	0.6	
People & Body	👋	waving hand	bye|cya|g2g|greetings|gtg|hand|hello|hey|hi|later|outtie|ttfn|ttyl|wave|yo|you	0.6	👋🏻|👋🏼|👋🏽|👋🏾|👋🏿
People & Body	🤚	raised back of hand	back|backhand|hand|raised	3.0	🤚🏻|🤚🏼|🤚🏽|🤚🏾|🤚🏿
People & Body	🖐️	hand with fingers splayed	finger|fingers|hand|raised|splayed|stop	0.7	🖐🏻|🖐🏼|🖐🏽|🖐🏾|🖐🏿
People & Body	✋	raised hand	5|five|hand|high|raised|stop	0.6	✋🏻|✋🏼|✋🏽|✋🏾|✋🏿
People & Body	🖖	vulcan salute	finger|hand|hands|salute|Vulcan	1.0	🖖🏻|🖖🏼|🖖🏽|🖖🏾|🖖🏿
People & Body	🫱	rightwards hand	hand|handshake|hold|reach|right|rightward|rightwards|shake	14.0	🫱🏻|🫱🏼|🫱🏽|🫱🏾|🫱🏿
People & Body	🫲	leftwards hand	hand|handshake|hold|left|leftward|leftwards|reach|shake	14.0	🫲🏻|🫲🏼|🫲🏽|🫲🏾|🫲🏿
People & Body	🫳	palm down hand	dismiss|down|drop|dropped|hand|palm|pick|shoo|up	14.0	🫳🏻|🫳🏼|🫳🏽|🫳🏾|🫳🏿
People & Body	🫴	palm up hand	beckon|catch|come|hand|hold|know|lift|me|offer|palm|tell	14.0	🫴🏻|🫴🏼|🫴🏽|🫴🏾|🫴🏿
People & Body	🫷	leftwards pushing hand	block|five|halt|hand|high|hold|leftward|leftwards|pause|push|pushing|refuse|slap|stop|wait	15.0	🫷🏻|🫷🏼|🫷🏽|🫷🏾|🫷🏿
People & Body	🫸	rightwards pushing hand	block|five|halt|hand|high|hold|pause|push|pushing|refuse|rightward|rightwards|slap|stop|wait	15.0	🫸🏻|🫸🏼|🫸🏽|🫸🏾|🫸🏿
People & Body	👌	OK hand	awesome|bet|dope|fleek|fosho|got|gotcha|hand|legit|OK|okay|pinch|rad|sure|sweet|three	0.6	👌🏻|👌🏼|👌🏽|👌🏾|👌🏿
People & Body	🤌	pinched fingers	fingers|gesture|hand|hold|huh|interrogation|patience|pinched|relax|sarcastic|ugh|what|zip	13.0	🤌🏻|🤌🏼|🤌🏽|🤌🏾|🤌🏿
People & Body	🤏	pinching hand	amount|bit|fingers|hand|little|pinching|small|sort	12.0	🤏🏻|🤏🏼|🤏🏽|🤏🏾|🤏🏿
People & Body	✌️	victory hand	hand|peace|v|victory	0.6	✌🏻|✌🏼|✌🏽|✌🏾|✌🏿
People & Body	🤞	crossed fingers	cross|crossed|finger|fingers|hand|luck	3.0	🤞🏻|🤞🏼|🤞🏽|🤞🏾|🤞🏿
People & Body	🫰	hand with index finger and thumb crossed	<3|crossed|expensive|finger|hand|heart|index|love|money|snap|thumb	14.0	🫰🏻|🫰🏼|🫰🏽|🫰🏾|🫰🏿
People & Body	🤟	love-you gesture	fingers|gesture|hand|ILY|love|love-you|three|you	5.0	🤟🏻|🤟🏼|🤟🏽|🤟🏾|🤟🏿
People & Body	🤘	sign of the horns	finger|hand|horns|rock-on|sign	1.0	🤘🏻|🤘🏼|🤘🏽|🤘🏾|🤘🏿
People & Body	🤙	call me hand	call|hand|hang|loose|me|Shaka	3.0	🤙🏻|🤙🏼|🤙🏽|🤙🏾|🤙🏿
People & Body	👈	backhand index pointing left	backhand|finger|hand|index|left|point|pointing	0.6	👈🏻|👈🏼|👈🏽|👈🏾|👈🏿
People & Body	👉	backhand index pointing right	backhand|finger|hand|index|point|pointing|right	0.6	👉🏻|👉🏼|👉🏽|👉🏾|👉🏿
People & Body	👆	backhand index pointing up	backhand|finger|hand|index|point|pointing|up	0.6	👆🏻|👆🏼|👆🏽|👆🏾|👆🏿
People & Body	🖕	middle finger	finger|hand|middle	1.0	🖕🏻|🖕🏼|🖕🏽|🖕🏾|🖕🏿
People & Body	👇	backhand index pointing down	backhand|down|finger|hand|index|point|pointing	0.6	👇🏻|👇🏼|👇🏽|👇🏾|👇🏿
People & Body	☝️	index pointing up	finger|hand|index|point|pointing|this|up	0.6	☝🏻|☝🏼|☝🏽|☝🏾|☝🏿
People & Body	🫵	index pointing at the viewer	at|finger|hand|index|pointing|poke|viewer|you	14.0	🫵🏻|🫵🏼|🫵🏽|🫵🏾|🫵🏿
People & Body	👍	thumbs up	+1|good|hand|like|thumb|up|yes	0.6	👍🏻|👍🏼|👍🏽|👍🏾|👍🏿
People & Body	👎	thumbs down	-1|bad|dislike|down|good|hand|no|nope|thumb|thumbs	0.6	👎🏻|👎🏼|👎🏽|👎🏾|👎🏿
People & Body	🫹	leftwards thumb sign		18.0	🫹🏻|🫹🏼|🫹🏽|🫹🏾|🫹🏿
People & Body	🫺	rightwards thumb sign		18.0	🫺🏻|🫺🏼|🫺🏽|🫺🏾|🫺🏿
People & Body	✊	raised fist	clenched|fist|hand|punch|raised|solidarity	0.6	✊🏻|✊🏼|✊🏽|✊🏾|✊🏿
People & Body	👊	oncoming fist	absolutely|agree|boom|bro|bruh|bump|clenched|correct|fist|hand|knuckle|oncoming|pound|punch|rock|ttyl	0.6	👊🏻|👊🏼|👊🏽|👊🏾|👊🏿
People & Body	🤛	left-facing fist	fist|left-facing|leftwards	3.0	🤛🏻|🤛🏼|🤛🏽|🤛🏾|🤛🏿
People & Body	🤜	right-facing fist	fist|right-facing|rightwards	3.0	🤜🏻|🤜🏼|🤜🏽|🤜🏾|🤜🏿
People & Body	👏	clapping hands	applause|approval|awesome|clap|congrats|congratulations|excited|good|great|hand|homie|job|nice|prayed|well|yay	0.6	👏🏻|👏🏼|👏🏽|👏🏾|👏🏿
People & Body	🙌	raising hands	celebration|gesture|hand|hands|hooray|praise|raised|raising	0.6	🙌🏻|🙌🏼|🙌🏽|🙌🏾|🙌🏿
People & Body	🫶	heart hands	<3|hands|heart|love|you	14.0	🫶🏻|🫶🏼|🫶🏽|🫶🏾|🫶🏿
People & Body	👐	open hands	hand|hands|hug|jazz|open|swerve	0.6	👐🏻|👐🏼|👐🏽|👐🏾|👐🏿
People & Body	🤲	palms up together	cupped|dua|hands|palms|pray|prayer|together|up|wish	5.0	🤲🏻|🤲🏼|🤲🏽|🤲🏾|🤲🏿
People & Body	🤝	handshake	agreement|deal|hand|handshake|meeting|shake	3.0	🤝🏻|🤝🏼|🤝🏽|🤝🏾|🤝🏿
People & Body	🙏	folded hands	appreciate|ask|beg|blessed|bow|cmon|five|folded|gesture|hand|high|please|pray|thanks|thx	0.6	🙏🏻|🙏🏼|🙏🏽|🙏🏾|🙏🏿
People & Body	✍️	writing hand	hand|write|writing	0.7	✍🏻|✍🏼|✍🏽|✍🏾|✍🏿
People & Body	💅	nail polish	bored|care|cosmetics|done|makeup|manicure|nail|polish|whatever	0.6	💅🏻|💅🏼|💅🏽|💅🏾|💅🏿
People & Body	🤳	selfie	camera|phone|selfie	3.0	🤳🏻|🤳🏼|🤳🏽|🤳🏾|🤳🏿
People & Body	💪	flexed biceps	arm|beast|bench|biceps|bodybuilder|bro|curls|flex|gains|gym|jacked|muscle|press|ripped|strong|weightlift	0.6	💪🏻|💪🏼|💪🏽|💪🏾|💪🏿
People & Body	🦾	mechanical arm	accessibility|arm|mechanical|prosthetic	12.0	
People & Body	🦿	mechanical leg	accessibility|leg|mechanical|prosthetic	12.0	
People & Body	🦵	leg	bent|foot|kick|knee|leg|limb	11.0	🦵🏻|🦵🏼|🦵🏽|🦵🏾|🦵🏿
People & Body	🦶	foot	ankle|feet|foot|kick|stomp	11.0	🦶🏻|🦶🏼|🦶🏽|🦶🏾|🦶🏿
People & Body	👂	ear	body|ear|ears|hear|hearing|listen|listening|sound	0.6	👂🏻|👂🏼|👂🏽|👂🏾|👂🏿
People & Body	🦻	ear with hearing aid	accessibility|aid|ear|hard|hearing	12.0	🦻🏻|🦻🏼|🦻🏽|🦻🏾|🦻🏿
People & Body	👃	nose	body|nose|noses|nosey|odor|smell|smells	0.6	👃🏻|👃🏼|👃🏽|👃🏾|👃🏿
People & Body	🧠	brain	brain|intelligent|smart	5.0	
People & Body	🫀	anatomical heart	anatomical|beat|cardiology|heart|heartbeat|organ|pulse|real|red	13.0	
People & Body	🫁	lungs	breath|breathe|exhalation|inhalation|lung|lungs|organ|respiration	13.0	
People & Body	🦷	tooth	dentist|pearly|teeth|tooth|white	11.0	
People & Body	🦴	bone	bone|bones|dog|skeleton|wishbone	11.0	
People & Body	👀	eyes	body|eye|eyes|face|googly|look|looking|omg|peep|see|seeing	0.6	
People & Body	👁️	eye	1|body|eye|one	0.7	
People & Body	👅	tongue	body|lick|slurp|tongue	0.6	
People & Body	👄	mouth	beauty|body|kiss|kissing|lips|lipstick|mouth	0.6	
People & Body	🫦	biting lip	anxious|bite|biting|fear|flirt|flirting|kiss|lip|lipstick|nervous|sexy|uncomfortable|worried|worry	14.0	
People & Body	👶	baby	babies|baby|children|goo|infant|newborn|pregnant|young	0.6	👶🏻|👶🏼|👶🏽|👶🏾|👶🏿
People & Body	🧒	child	bright-eyed|child|grandchild|kid|young|younger	5.0	🧒🏻|🧒🏼|🧒🏽|🧒🏾|🧒🏿
People & Body	👦	boy	boy|bright-eyed|child|grandson|kid|son|young|younger	0.6	👦🏻|👦🏼|👦🏽|👦🏾|👦🏿
People & Body	👧	girl	bright-eyed|child|daughter|girl|granddaughter|kid|Virgo|young|younger|zodiac	0.6	👧🏻|👧🏼|👧🏽|👧🏾|👧🏿
People & Body	🧑	person	adult|person	5.0	🧑🏻|🧑🏼|🧑🏽|🧑🏾|🧑🏿
People & Body	👱	person: blond hair	blond|blond-haired|human|person	0.6	👱🏻|👱🏼|👱🏽|👱🏾|👱🏿
People & Body	👨	man	adult|bro|man	0.6	👨🏻|👨🏼|👨🏽|👨🏾|👨🏿
People & Body	🧔	person: beard	beard|bearded|person|whiskers	5.0	🧔🏻|🧔🏼|🧔🏽|🧔🏾|🧔🏿
People & Body	🧔‍♂️	man: beard	beard|bearded|man|whiskers	13.1	🧔🏻‍♂️|🧔🏼‍♂️|🧔🏽‍♂️|🧔🏾‍♂️|🧔🏿‍♂️
People & Body	🧔‍♀️	woman: beard	beard|bearded|whiskers|woman	13.1	🧔🏻‍♀️|🧔🏼‍♀️|🧔🏽‍♀️|🧔🏾‍♀️|🧔🏿‍♀️
People & Body	👨‍🦰	man: red hair	adult|bro|man|red hair	11.0	👨🏻‍🦰|👨🏼‍🦰|👨🏽‍🦰|👨🏾‍🦰|👨🏿‍🦰
People & Body	👨‍🦱	man: curly hair	adult|bro|curly hair|man	11.0	👨🏻‍🦱|👨🏼‍🦱|👨🏽‍🦱|👨🏾‍🦱|👨🏿‍🦱
People & Body	👨‍🦳	man: white hair	adult|bro|man|white hair	11.0	👨🏻‍🦳|👨🏼‍🦳|👨🏽‍🦳|👨🏾‍🦳|👨🏿‍🦳
People & Body	👨‍🦲	man: bald	adult|bald|bro|man	11.0	👨🏻‍🦲|👨🏼‍🦲|👨🏽‍🦲|👨🏾‍🦲|👨🏿‍🦲
People & Body	👩	woman	adult|lady|woman	0.6	👩🏻|👩🏼|👩🏽|👩🏾|👩🏿
People & Body	👩‍🦰	woman: red hair	adult|lady|red hair|woman	11.0	👩🏻‍🦰|👩🏼‍🦰|👩🏽‍🦰|👩🏾‍🦰|👩🏿‍🦰
People & Body	🧑‍🦰	person: red hair	adult|person|red hair	12.1	🧑🏻‍🦰|🧑🏼‍🦰|🧑🏽‍🦰|🧑🏾‍🦰|🧑🏿‍🦰
People & Body	👩‍🦱	woman: curly hair	adult|curly hair|lady|woman	11.0	👩🏻‍🦱|👩🏼‍🦱|👩🏽‍🦱|👩🏾‍🦱|👩🏿‍🦱
People & Body	🧑‍🦱	person: curly hair	adult|curly hair|person	12.1	🧑🏻‍🦱|🧑🏼‍🦱|🧑🏽‍🦱|🧑🏾‍🦱|🧑🏿‍🦱
People & Body	👩‍🦳	woman: white hair	adult|lady|white hair|woman	11.0	👩🏻‍🦳|👩🏼‍🦳|👩🏽‍🦳|👩🏾‍🦳|👩🏿‍🦳
People & Body	🧑‍🦳	person: white hair	adult|person|white hair	12.1	🧑🏻‍🦳|🧑🏼‍🦳|🧑🏽‍🦳|🧑🏾‍🦳|🧑🏿‍🦳
People & Body	👩‍🦲	woman: bald	adult|bald|lady|woman	11.0	👩🏻‍🦲|👩🏼‍🦲|👩🏽‍🦲|👩🏾‍🦲|👩🏿‍🦲
People & Body	🧑‍🦲	person: bald	adult|bald|person	12.1	🧑🏻‍🦲|🧑🏼‍🦲|🧑🏽‍🦲|🧑🏾‍🦲|🧑🏿‍🦲
People & Body	👱‍♀️	woman: blond hair	blond|blond-haired|blonde|hair|woman	4.0	👱🏻‍♀️|👱🏼‍♀️|👱🏽‍♀️|👱🏾‍♀️|👱🏿‍♀️
People & Body	👱‍♂️	man: blond hair	blond|blond-haired|hair|man	4.0	👱🏻‍♂️|👱🏼‍♂️|👱🏽‍♂️|👱🏾‍♂️|👱🏿‍♂️
People & Body	🧓	older person	adult|elderly|grandparent|old|person|wise	5.0	🧓🏻|🧓🏼|🧓🏽|🧓🏾|🧓🏿
People & Body	👴	old man	adult|bald|elderly|gramps|grandfather|grandpa|man|old|wise	0.6	👴🏻|👴🏼|👴🏽|👴🏾|👴🏿
People & Body	👵	old woman	adult|elderly|grandma|grandmother|granny|lady|old|wise|woman	0.6	👵🏻|👵🏼|👵🏽|👵🏾|👵🏿
People & Body	🙍	person frowning	annoyed|disappointed|disgruntled|disturbed|frown|frowning|frustrated|gesture|irritated|person|upset	0.6	🙍🏻|🙍🏼|🙍🏽|🙍🏾|🙍🏿
People & Body	🙍‍♂️	man frowning	annoyed|disappointed|disgruntled|disturbed|frown|frowning|frustrated|gesture|irritated|man|upset	4.0	🙍🏻‍♂️|🙍🏼‍♂️|🙍🏽‍♂️|🙍🏾‍♂️|🙍🏿‍♂️
People & Body	🙍‍♀️	woman frowning	annoyed|disappointed|disgruntled|disturbed|frown|frowning|frustrated|gesture|irritated|upset|woman	4.0	🙍🏻‍♀️|🙍🏼‍♀️|🙍🏽‍♀️|🙍🏾‍♀️|🙍🏿‍♀️
People & Body	🙎	person pouting	disappointed|downtrodden|frown|grimace|person|pouting|scowl|sulk|upset|whine	0.6	🙎🏻|🙎🏼|🙎🏽|🙎🏾|🙎🏿
People & Body	🙎‍♂️	man pouting	disappointed|downtrodden|frown|grimace|man|pouting|scowl|sulk|upset|whine	4.0	🙎🏻‍♂️|🙎🏼‍♂️|🙎🏽‍♂️|🙎🏾‍♂️|🙎🏿‍♂️
People & Body	🙎‍♀️	woman pouting	disappointed|downtrodden|frown|grimace|pouting|scowl|sulk|upset|whine|woman	4.0	🙎🏻‍♀️|🙎🏼‍♀️|🙎🏽‍♀️|🙎🏾‍♀️|🙎🏿‍♀️
People & Body	🙅	person gesturing NO	forbidden|gesture|hand|NO|not|person|prohibit	0.6	🙅🏻|🙅🏼|🙅🏽|🙅🏾|🙅🏿
People & Body	🙅‍♂️	man gesturing NO	forbidden|gesture|hand|man|NO|not|prohibit	4.0	🙅🏻‍♂️|🙅🏼‍♂️|🙅🏽‍♂️|🙅🏾‍♂️|🙅🏿‍♂️
People & Body	🙅‍♀️	woman gesturing NO	forbidden|gesture|hand|NO|not|prohibit|woman	4.0	🙅🏻‍♀️|🙅🏼‍♀️|🙅🏽‍♀️|🙅🏾‍♀️|🙅🏿‍♀️
People & Body	🙆	person gesturing OK	exercise|gesture|gesturing|hand|OK|omg|person	0.6	🙆🏻|🙆🏼|🙆🏽|🙆🏾|🙆🏿
People & Body	🙆‍♂️	man gesturing OK	exercise|gesture|gesturing|hand|man|OK|omg	4.0	🙆🏻‍♂️|🙆🏼‍♂️|🙆🏽‍♂️|🙆🏾‍♂️|🙆🏿‍♂️
People & Body	🙆‍♀️	woman gesturing OK	exercise|gesture|gesturing|hand|OK|omg|woman	4.0	🙆🏻‍♀️|🙆🏼‍♀️|🙆🏽‍♀️|🙆🏾‍♀️|🙆🏿‍♀️
People & Body	💁	person tipping hand	fetch|flick|flip|gossip|hand|person|sarcasm|sarcastic|sassy|seriously|tipping|whatever	0.6	💁🏻|💁🏼|💁🏽|💁🏾|💁🏿
People & Body	💁‍♂️	man tipping hand	fetch|flick|flip|gossip|hand|man|sarcasm|sarcastic|sassy|seriously|tipping|whatever	4.0	💁🏻‍♂️|💁🏼‍♂️|💁🏽‍♂️|💁🏾‍♂️|💁🏿‍♂️
People & Body	💁‍♀️	woman tipping hand	fetch|flick|flip|gossip|hand|sarcasm|sarcastic|sassy|seriously|tipping|whatever|woman	4.0	💁🏻‍♀️|💁🏼‍♀️|💁🏽‍♀️|💁🏾‍♀️|💁🏿‍♀️
People & Body	🙋	person raising hand	gesture|hand|here|know|me|person|pick|question|raise|raising	0.6	🙋🏻|🙋🏼|🙋🏽|🙋🏾|🙋🏿
People & Body	🙋‍♂️	man raising hand	gesture|hand|here|know|man|me|pick|question|raise|raising	4.0	🙋🏻‍♂️|🙋🏼‍♂️|🙋🏽‍♂️|🙋🏾‍♂️|🙋🏿‍♂️
People & Body	🙋‍♀️	woman raising hand	gesture|hand|here|know|me|pick|question|raise|raising|woman	4.0	🙋🏻‍♀️|🙋🏼‍♀️|🙋🏽‍♀️|🙋🏾‍♀️|🙋🏿‍♀️
People & Body	🧏	deaf person	accessibility|deaf|ear|gesture|hear|person	12.0	🧏🏻|🧏🏼|🧏🏽|🧏🏾|🧏🏿
People & Body	🧏‍♂️	deaf man	accessibility|deaf|ear|gesture|hear|man	12.0	🧏🏻‍♂️|🧏🏼‍♂️|🧏🏽‍♂️|🧏🏾‍♂️|🧏🏿‍♂️
People & Body	🧏‍♀️	deaf woman	accessibility|deaf|ear|gesture|hear|woman	12.0	🧏🏻‍♀️|🧏🏼‍♀️|🧏🏽‍♀️|🧏🏾‍♀️|🧏🏿‍♀️
People & Body	🙇	person bowing	apology|ask|beg|bow|bowing|favor|forgive|gesture|meditate|meditation|person|pity|regret|sorry	0.6	🙇🏻|🙇🏼|🙇🏽|🙇🏾|🙇🏿
People & Body	🙇‍♂️	man bowing	apology|ask|beg|bow|bowing|favor|forgive|gesture|man|meditate|meditation|pity|regret|sorry	4.0	🙇🏻‍♂️|🙇🏼‍♂️|🙇🏽‍♂️|🙇🏾‍♂️|🙇🏿‍♂️
People & Body	🙇‍♀️	woman bowing	apology|ask|beg|bow|bowing|favor|forgive|gesture|meditate|meditation|pity|regret|sorry|woman	4.0	🙇🏻‍♀️|🙇🏼‍♀️|🙇🏽‍♀️|🙇🏾‍♀️|🙇🏿‍♀️
People & Body	🤦	person facepalming	again|bewilder|disbelief|exasperation|facepalm|no|not|oh|omg|person|shock|smh	3.0	🤦🏻|🤦🏼|🤦🏽|🤦🏾|🤦🏿
People & Body	🤦‍♂️	man facepalming	again|bewilder|disbelief|exasperation|facepalm|man|no|not|oh|omg|shock|smh	4.0	🤦🏻‍♂️|🤦🏼‍♂️|🤦🏽‍♂️|🤦🏾‍♂️|🤦🏿‍♂️
People & Body	🤦‍♀️	woman facepalming	again|bewilder|disbelief|exasperation|facepalm|no|not|oh|omg|shock|smh|woman	4.0	🤦🏻‍♀️|🤦🏼‍♀️|🤦🏽‍♀️|🤦🏾‍♀️|🤦🏿‍♀️
People & Body	🤷	person shrugging	doubt|dunno|guess|idk|ignorance|indifference|knows|maybe|person|shrug|shrugging|whatever|who	3.0	🤷🏻|🤷🏼|🤷🏽|🤷🏾|🤷🏿
People & Body	🤷‍♂️	man shrugging	doubt|dunno|guess|idk|ignorance|indifference|knows|man|maybe|shrug|shrugging|whatever|who	4.0	🤷🏻‍♂️|🤷🏼‍♂️|🤷🏽‍♂️|🤷🏾‍♂️|🤷🏿‍♂️
People & Body	🤷‍♀️	woman shrugging	doubt|dunno|guess|idk|ignorance|indifference|knows|maybe|shrug|shrugging|whatever|who|woman	4.0	🤷🏻‍♀️|🤷🏼‍♀️|🤷🏽‍♀️|🤷🏾‍♀️|🤷🏿‍♀️
People & Body	🧑‍⚕️	health worker	doctor|health|healthcare|nurse|therapist|worker	12.1	🧑🏻‍⚕️|🧑🏼‍⚕️|🧑🏽‍⚕️|🧑🏾‍⚕️|🧑🏿‍⚕️
People & Body	👨‍⚕️	man health worker	doctor|health|healthcare|man|nurse|therapist|worker	4.0	👨🏻‍⚕️|👨🏼‍⚕️|👨🏽‍⚕️|👨🏾‍⚕️|👨🏿‍⚕️
People & Body	👩‍⚕️	woman health worker	doctor|health|healthcare|nurse|therapist|woman|worker	4.0	👩🏻‍⚕️|👩🏼‍⚕️|👩🏽‍⚕️|👩🏾‍⚕️|👩🏿‍⚕️
People & Body	🧑‍🎓	student	graduate|student	12.1	🧑🏻‍🎓|🧑🏼‍🎓|🧑🏽‍🎓|🧑🏾‍🎓|🧑🏿‍🎓
People & Body	👨‍🎓	man student	graduate|man|student	4.0	👨🏻‍🎓|👨🏼‍🎓|👨🏽‍🎓|👨🏾‍🎓|👨🏿‍🎓
People & Body	👩‍🎓	woman student	graduate|student|woman	4.0	👩🏻‍🎓|👩🏼‍🎓|👩🏽‍🎓|👩🏾‍🎓|👩🏿‍🎓
People & Body	🧑‍🏫	teacher	instructor|lecturer|professor|teacher	12.1	🧑🏻‍🏫|🧑🏼‍🏫|🧑🏽‍🏫|🧑🏾‍🏫|🧑🏿‍🏫
People & Body	👨‍🏫	man teacher	instructor|lecturer|man|professor|teacher	4.0	👨🏻‍🏫|👨🏼‍🏫|👨🏽‍🏫|👨🏾‍🏫|👨🏿‍🏫
People & Body	👩‍🏫	woman teacher	instructor|lecturer|professor|teacher|woman	4.0	👩🏻‍🏫|👩🏼‍🏫|👩🏽‍🏫|👩🏾‍🏫|👩🏿‍🏫
People & Body	🧑‍⚖️	judge	judge|justice|law|scales	12.1	🧑🏻‍⚖️|🧑🏼‍⚖️|🧑🏽‍⚖️|🧑🏾‍⚖️|🧑🏿‍⚖️
People & Body	👨‍⚖️	man judge	judge|justice|law|man|scales	4.0	👨🏻‍⚖️|👨🏼‍⚖️|👨🏽‍⚖️|👨🏾‍⚖️|👨🏿‍⚖️
People & Body	👩‍⚖️	woman judge	judge|justice|law|scales|woman	4.0	👩🏻‍⚖️|👩🏼‍⚖️|👩🏽‍⚖️|👩🏾‍⚖️|👩🏿‍⚖️
People & Body	🧑‍🌾	farmer	farmer|gardener|rancher	12.1	🧑🏻‍🌾|🧑🏼‍🌾|🧑🏽‍🌾|🧑🏾‍🌾|🧑🏿‍🌾
People & Body	👨‍🌾	man farmer	farmer|gardener|man|rancher	4.0	👨🏻‍🌾|👨🏼‍🌾|👨🏽‍🌾|👨🏾‍🌾|👨🏿‍🌾
People & Body	👩‍🌾	woman farmer	farmer|gardener|rancher|woman	4.0	👩🏻‍🌾|👩🏼‍🌾|👩🏽‍🌾|👩🏾‍🌾|👩🏿‍🌾
People & Body	🧑‍🍳	cook	chef|cook	12.1	🧑🏻‍🍳|🧑🏼‍🍳|🧑🏽‍🍳|🧑🏾‍🍳|🧑🏿‍🍳
People & Body	👨‍🍳	man cook	chef|cook|man	4.0	👨🏻‍🍳|👨🏼‍🍳|👨🏽‍🍳|👨🏾‍🍳|👨🏿‍🍳
People & Body	👩‍🍳	woman cook	chef|cook|woman	4.0	👩🏻‍🍳|👩🏼‍🍳|👩🏽‍🍳|👩🏾‍🍳|👩🏿‍🍳
People & Body	🧑‍🔧	mechanic	electrician|mechanic|plumber|tradesperson	12.1	🧑🏻‍🔧|🧑🏼‍🔧|🧑🏽‍🔧|🧑🏾‍🔧|🧑🏿‍🔧
People & Body	👨‍🔧	man mechanic	electrician|man|mechanic|plumber|tradesperson	4.0	👨🏻‍🔧|👨🏼‍🔧|👨🏽‍🔧|👨🏾‍🔧|👨🏿‍🔧
People & Body	👩‍🔧	woman mechanic	electrician|mechanic|plumber|tradesperson|woman	4.0	👩🏻‍🔧|👩🏼‍🔧|👩🏽‍🔧|👩🏾‍🔧|👩🏿‍🔧
People & Body	🧑‍🏭	factory worker	assembly|factory|industrial|worker	12.1	🧑🏻‍🏭|🧑🏼‍🏭|🧑🏽‍🏭|🧑🏾‍🏭|🧑🏿‍🏭
People & Body	👨‍🏭	man factory worker	assembly|factory|industrial|man|worker	4.0	👨🏻‍🏭|👨🏼‍🏭|👨🏽‍🏭|👨🏾‍🏭|👨🏿‍🏭
People & Body	👩‍🏭	woman factory worker	assembly|factory|industrial|woman|worker	4.0	👩🏻‍🏭|👩🏼‍🏭|👩🏽‍🏭|👩🏾‍🏭|👩🏿‍🏭
People & Body	🧑‍💼	office worker	architect|business|manager|office|white-collar|worker	12.1	🧑🏻‍💼|🧑🏼‍💼|🧑🏽‍💼|🧑🏾‍💼|🧑🏿‍💼
People & Body	👨‍💼	man office worker	architect|business|man|manager|office|white-collar|worker	4.0	👨🏻‍💼|👨🏼‍💼|👨🏽‍💼|👨🏾‍💼|👨🏿‍💼
People & Body	👩‍💼	woman office worker	architect|business|manager|office|white-collar|woman|worker	4.0	👩🏻‍💼|👩🏼‍💼|👩🏽‍💼|👩🏾‍💼|👩🏿‍💼
People & Body	🧑‍🔬	scientist	biologist|chemist|engineer|mathematician|physicist|scientist	12.1	🧑🏻‍🔬|🧑🏼‍🔬|🧑🏽‍🔬|🧑🏾‍🔬|🧑🏿‍🔬
People & Body	👨‍🔬	man scientist	biologist|chemist|engineer|man|mathematician|physicist|scientist	4.0	👨🏻‍🔬|👨🏼‍🔬|👨🏽‍🔬|👨🏾‍🔬|👨🏿‍🔬
People & Body	👩‍🔬	woman scientist	biologist|chemist|engineer|mathematician|physicist|scientist|woman	4.0	👩🏻‍🔬|👩🏼‍🔬|👩🏽‍🔬|👩🏾‍🔬|👩🏿‍🔬
People & Body	🧑‍💻	technologist	coder|computer|developer|inventor|software|technologist	12.1	🧑🏻‍💻|🧑🏼‍💻|🧑🏽‍💻|🧑🏾‍💻|🧑🏿‍💻
People & Body	👨‍💻	man technologist	coder|computer|developer|inventor|man|software|technologist	4.0	👨🏻‍💻|👨🏼‍💻|👨🏽‍💻|👨🏾‍💻|👨🏿‍💻
People & Body	👩‍💻	woman technologist	coder|computer|developer|inventor|software|technologist|woman	4.0	👩🏻‍💻|👩🏼‍💻|👩🏽‍💻|👩🏾‍💻|👩🏿‍💻
People & Body	🧑‍🎤	singer	actor|entertainer|rock|rockstar|singer|star	12.1	🧑🏻‍🎤|🧑🏼‍🎤|🧑🏽‍🎤|🧑🏾‍🎤|🧑🏿‍🎤
People & Body	👨‍🎤	man singer	actor|entertainer|man|rock|rockstar|singer|star	4.0	👨🏻‍🎤|👨🏼‍🎤|👨🏽‍🎤|👨🏾‍🎤|👨🏿‍🎤
People & Body	👩‍🎤	woman singer	actor|entertainer|rock|rockstar|singer|star|woman	4.0	👩🏻‍🎤|👩🏼‍🎤|👩🏽‍🎤|👩🏾‍🎤|👩🏿‍🎤
People & Body	🧑‍🎨	artist	artist|palette	12.1	🧑🏻‍🎨|🧑🏼‍🎨|🧑🏽‍🎨|🧑🏾‍🎨|🧑🏿‍🎨
People & Body	👨‍🎨	man artist	artist|man|palette	4.0	👨🏻‍🎨|👨🏼‍🎨|👨🏽‍🎨|👨🏾‍🎨|👨🏿‍🎨
People & Body	👩‍🎨	woman artist	artist|palette|woman	4.0	👩🏻‍🎨|👩🏼‍🎨|👩🏽‍🎨|👩🏾‍🎨|👩🏿‍🎨
People & Body	🧑‍✈️	pilot	pilot|plane	12.1	🧑🏻‍✈️|🧑🏼‍✈️|🧑🏽‍✈️|🧑🏾‍✈️|🧑🏿‍✈️
People & Body	👨‍✈️	man pilot	man|pilot|plane	4.0	👨🏻‍✈️|👨🏼‍✈️|👨🏽‍✈️|👨🏾‍✈️|👨🏿‍✈️
People & Body	👩‍✈️	woman pilot	pilot|plane|woman	4.0	👩🏻‍✈️|👩🏼‍✈️|👩🏽‍✈️|👩🏾‍✈️|👩🏿‍✈️
People & Body	🧑‍🚀	astronaut	astronaut|rocket|space	12.1	🧑🏻‍🚀|🧑🏼‍🚀|🧑🏽‍🚀|🧑🏾‍🚀|🧑🏿‍🚀
People & Body	👨‍🚀	man astronaut	astronaut|man|rocket|space	4.0	👨🏻‍🚀|👨🏼‍🚀|👨🏽‍🚀|👨🏾‍🚀|👨🏿‍🚀
People & Body	👩‍🚀	woman astronaut	astronaut|rocket|space|woman	4.0	👩🏻‍🚀|👩🏼‍🚀|👩🏽‍🚀|👩🏾‍🚀|👩🏿‍🚀
People & Body	🧑‍🚒	firefighter	fire|firefighter|firetruck	12.1	🧑🏻‍🚒|🧑🏼‍🚒|🧑🏽‍🚒|🧑🏾‍🚒|🧑🏿‍🚒
People & Body	👨‍🚒	man firefighter	fire|firefighter|firetruck|man	4.0	👨🏻‍🚒|👨🏼‍🚒|👨🏽‍🚒|👨🏾‍🚒|👨🏿‍🚒
People & Body	👩‍🚒	woman firefighter	fire|firefighter|firetruck|woman	4.0	👩🏻‍🚒|👩🏼‍🚒|👩🏽‍🚒|👩🏾‍🚒|👩🏿‍🚒
People & Body	👮	police officer	apprehend|arrest|citation|cop|law|officer|over|police|pulled|undercover	0.6	👮🏻|👮🏼|👮🏽|👮🏾|👮🏿
People & Body	👮‍♂️	man police officer	apprehend|arrest|citation|cop|law|man|officer|over|police|pulled|undercover	4.0	👮🏻‍♂️|👮🏼‍♂️|👮🏽‍♂️|👮🏾‍♂️|👮🏿‍♂️
People & Body	👮‍♀️	woman police officer	apprehend|arrest|citation|cop|law|officer|over|police|pulled|undercover|woman	4.0	👮🏻‍♀️|👮🏼‍♀️|👮🏽‍♀️|👮🏾‍♀️|👮🏿‍♀️
People & Body	🕵️	detective	detective|sleuth|spy	0.7	🕵🏻|🕵🏼|🕵🏽|🕵🏾|🕵🏿
People & Body	🕵️‍♂️	man detective	detective|man|sleuth|spy	4.0	🕵🏻‍♂️|🕵🏼‍♂️|🕵🏽‍♂️|🕵🏾‍♂️|🕵🏿‍♂️
People & Body	🕵️‍♀️	woman detective	detective|sleuth|spy|woman	4.0	🕵🏻‍♀️|🕵🏼‍♀️|🕵🏽‍♀️|🕵🏾‍♀️|🕵🏿‍♀️
People & Body	💂	guard	buckingham|guard|helmet|london|palace	0.6	💂🏻|💂🏼|💂🏽|💂🏾|💂🏿
People & Body	💂‍♂️	man guard	buckingham|guard|helmet|london|man|palace	4.0	💂🏻‍♂️|💂🏼‍♂️|💂🏽‍♂️|💂🏾‍♂️|💂🏿‍♂️
People & Body	💂‍♀️	woman guard	buckingham|guard|helmet|london|palace|woman	4.0	💂🏻‍♀️|💂🏼‍♀️|💂🏽‍♀️|💂🏾‍♀️|💂🏿‍♀️
People & Body	🥷	ninja	assassin|fight|fighter|hidden|ninja|person|secret|skills|sly|soldier|stealth|war	13.0	🥷🏻|🥷🏼|🥷🏽|🥷🏾|🥷🏿
People & Body	👷	construction worker	build|construction|fix|hardhat|hat|man|person|rebuild|remodel|repair|work|worker	0.6	👷🏻|👷🏼|👷🏽|👷🏾|👷🏿
People & Body	👷‍♂️	man construction worker	build|construction|fix|hardhat|hat|man|rebuild|remodel|repair|work|worker	4.0	👷🏻‍♂️|👷🏼‍♂️|👷🏽‍♂️|👷🏾‍♂️|👷🏿‍♂️
People & Body	👷‍♀️	woman construction worker	build|construction|fix|hardhat|hat|man|rebuild|remodel|repair|woman|work|worker	4.0	👷🏻‍♀️|👷🏼‍♀️|👷🏽‍♀️|👷🏾‍♀️|👷🏿‍♀️
People & Body	🫅	person with crown	crown|monarch|noble|person|regal|royal|royalty	14.0	🫅🏻|🫅🏼|🫅🏽|🫅🏾|🫅🏿
People & Body	🤴	prince	crown|fairy|fairytale|fantasy|king|prince|royal|royalty|tale	3.0	🤴🏻|🤴🏼|🤴🏽|🤴🏾|🤴🏿
People & Body	👸	princess	crown|fairy|fairytale|fantasy|princess|queen|royal|royalty|tale	0.6	👸🏻|👸🏼|👸🏽|👸🏾|👸🏿
People & Body	👳	person wearing turban	person|turban|wearing	0.6	👳🏻|👳🏼|👳🏽|👳🏾|👳🏿
People & Body	👳‍♂️	man wearing turban	man|turban|wearing	4.0	👳🏻‍♂️|👳🏼‍♂️|👳🏽‍♂️|👳🏾‍♂️|👳🏿‍♂️
People & Body	👳‍♀️	woman wearing turban	turban|wearing|woman	4.0	👳🏻‍♀️|👳🏼‍♀️|👳🏽‍♀️|👳🏾‍♀️|👳🏿‍♀️
People & Body	👲	person with skullcap	cap|Chinese|gua|guapi|hat|mao|person|pi|skullcap	0.6	👲🏻|👲🏼|👲🏽|👲🏾|👲🏿
People & Body	🧕	woman with headscarf	bandana|head|headscarf|hijab|kerchief|mantilla|tichel|woman	5.0	🧕🏻|🧕🏼|🧕🏽|🧕🏾|🧕🏿
People & Body	🤵	person in tuxedo	formal|person|tuxedo|wedding	3.0	🤵🏻|🤵🏼|🤵🏽|🤵🏾|🤵🏿
People & Body	🤵‍♂️	man in tuxedo	formal|groom|man|tuxedo|wedding	13.0	🤵🏻‍♂️|🤵🏼‍♂️|🤵🏽‍♂️|🤵🏾‍♂️|🤵🏿‍♂️
People & Body	🤵‍♀️	woman in tuxedo	formal|tuxedo|wedding|woman	13.0	🤵🏻‍♀️|🤵🏼‍♀️|🤵🏽‍♀️|🤵🏾‍♀️|🤵🏿‍♀️
People & Body	👰	person with veil	person|veil|wedding	0.6	👰🏻|👰🏼|👰🏽|👰🏾|👰🏿
People & Body	👰‍♂️	man with veil	man|veil|wedding	13.0	👰🏻‍♂️|👰🏼‍♂️|👰🏽‍♂️|👰🏾‍♂️|👰🏿‍♂️
People & Body	👰‍♀️	woman with veil	bride|veil|wedding|woman	13.0	👰🏻‍♀️|👰🏼‍♀️|👰🏽‍♀️|👰🏾‍♀️|👰🏿‍♀️
People & Body	🤰	pregnant woman	pregnant|woman	3.0	🤰🏻|🤰🏼|🤰🏽|🤰🏾|🤰🏿
People & Body	🫃	pregnant man	belly|bloated|full|man|overeat|pregnant	14.0	🫃🏻|🫃🏼|🫃🏽|🫃🏾|🫃🏿
People & Body	🫄	pregnant person	belly|bloated|full|overeat|person|pregnant|stuffed	14.0	🫄🏻|🫄🏼|🫄🏽|🫄🏾|🫄🏿
People & Body	🤱	breast-feeding	baby|breast|breast-feeding|feeding|mom|mother|nursing|woman	5.0	🤱🏻|🤱🏼|🤱🏽|🤱🏾|🤱🏿
People & Body	👩‍🍼	woman feeding baby	baby|feed|feeding|mom|mother|nanny|newborn|nursing|woman	13.0	👩🏻‍🍼|👩🏼‍🍼|👩🏽‍🍼|👩🏾‍🍼|👩🏿‍🍼
People & Body	👨‍🍼	man feeding baby	baby|dad|father|feed|feeding|man|nanny|newborn|nursing	13.0	👨🏻‍🍼|👨🏼‍🍼|👨🏽‍🍼|👨🏾‍🍼|👨🏿‍🍼
People & Body	🧑‍🍼	person feeding baby	baby|feed|feeding|nanny|newborn|nursing|parent	13.0	🧑🏻‍🍼|🧑🏼‍🍼|🧑🏽‍🍼|🧑🏾‍🍼|🧑🏿‍🍼
People & Body	👼	baby angel	angel|baby|church|face|fairy|fairytale|fantasy|tale	0.6	👼🏻|👼🏼|👼🏽|👼🏾|👼🏿
People & Body	🎅	Santa Claus	celebration|Christmas|claus|fairy|fantasy|father|holiday|merry|santa|tale|xmas	0.6	🎅🏻|🎅🏼|🎅🏽|🎅🏾|🎅🏿
People & Body	🤶	Mrs. Claus	celebration|Christmas|claus|fairy|fantasy|holiday|merry|mother|Mrs|santa|tale|xmas	3.0	🤶🏻|🤶🏼|🤶🏽|🤶🏾|🤶🏿
People & Body	🧑‍🎄	Mx Claus	celebration|Christmas|claus|fairy|fantasy|holiday|merry|Mx|santa|tale|xmas	13.0	🧑🏻‍🎄|🧑🏼‍🎄|🧑🏽‍🎄|🧑🏾‍🎄|🧑🏿‍🎄
People & Body	🦸	superhero	good|hero|superhero|superpower	11.0	🦸🏻|🦸🏼|🦸🏽|🦸🏾|🦸🏿
People & Body	🦸‍♂️	man superhero	good|hero|man|superhero|superpower	11.0	🦸🏻‍♂️|🦸🏼‍♂️|🦸🏽‍♂️|🦸🏾‍♂️|🦸🏿‍♂️
People & Body	🦸‍♀️	woman superhero	good|hero|heroine|superhero|superpower|woman	11.0	🦸🏻‍♀️|🦸🏼‍♀️|🦸🏽‍♀️|🦸🏾‍♀️|🦸🏿‍♀️
People & Body	🦹	supervillain	bad|criminal|evil|superpower|supervillain|villain	11.0	🦹🏻|🦹🏼|🦹🏽|🦹🏾|🦹🏿
People & Body	🦹‍♂️	man supervillain	bad|criminal|evil|man|superpower|supervillain|villain	11.0	🦹🏻‍♂️|🦹🏼‍♂️|🦹🏽‍♂️|🦹🏾‍♂️|🦹🏿‍♂️
People & Body	🦹‍♀️	woman supervillain	bad|criminal|evil|superpower|supervillain|villain|woman	11.0	🦹🏻‍♀️|🦹🏼‍♀️|🦹🏽‍♀️|🦹🏾‍♀️|🦹🏿‍♀️
People & Body	🧙	mage	fantasy|mage|magic|play|sorcerer|sorceress|sorcery|spell|summon|witch|wizard	5.0	🧙🏻|🧙🏼|🧙🏽|🧙🏾|🧙🏿
People & Body	🧙‍♂️	man mage	fantasy|mage|magic|man|play|sorcerer|sorceress|sorcery|spell|summon|witch|wizard	5.0	🧙🏻‍♂️|🧙🏼‍♂️|🧙🏽‍♂️|🧙🏾‍♂️|🧙🏿‍♂️
People & Body	🧙‍♀️	woman mage	fantasy|mage|magic|play|sorcerer|sorceress|sorcery|spell|summon|witch|wizard|woman	5.0	🧙🏻‍♀️|🧙🏼‍♀️|🧙🏽‍♀️|🧙🏾‍♀️|🧙🏿‍♀️
People & Body	🧚	fairy	fairy|fairytale|fantasy|myth|person|pixie|tale|wings	5.0	🧚🏻|🧚🏼|🧚🏽|🧚🏾|🧚🏿
People & Body	🧚‍♂️	man fairy	fairy|fairytale|fantasy|man|myth|Oberon|person|pixie|Puck|tale|wings	5.0	🧚🏻‍♂️|🧚🏼‍♂️|🧚🏽‍♂️|🧚🏾‍♂️|🧚🏿‍♂️
People & Body	🧚‍♀️	woman fairy	fairy|fairytale|fantasy|myth|person|pixie|tale|Titania|wings|woman	5.0	🧚🏻‍♀️|🧚🏼‍♀️|🧚🏽‍♀️|🧚🏾‍♀️|🧚🏿‍♀️
People & Body	🧛	vampire	blood|Dracula|fangs|halloween|scary|supernatural|teeth|undead|vampire	5.0	🧛🏻|🧛🏼|🧛🏽|🧛🏾|🧛🏿
People & Body	🧛‍♂️	man vampire	blood|fangs|halloween|man|scary|supernatural|teeth|undead|vampire	5.0	🧛🏻‍♂️|🧛🏼‍♂️|🧛🏽‍♂️|🧛🏾‍♂️|🧛🏿‍♂️
People & Body	🧛‍♀️	woman vampire	blood|fangs|halloween|scary|supernatural|teeth|undead|vampire|woman	5.0	🧛🏻‍♀️|🧛🏼‍♀️|🧛🏽‍♀️|🧛🏾‍♀️|🧛🏿‍♀️
People & Body	🧜	merperson	creature|fairytale|folklore|merperson|ocean|sea|siren|trident	5.0	🧜🏻|🧜🏼|🧜🏽|🧜🏾|🧜🏿
People & Body	🧜‍♂️	merman	creature|fairytale|folklore|merman|Neptune|ocean|Poseidon|sea|siren|trident|Triton	5.0	🧜🏻‍♂️|🧜🏼‍♂️|🧜🏽‍♂️|🧜🏾‍♂️|🧜🏿‍♂️
People & Body	🧜‍♀️	mermaid	creature|fairytale|folklore|mermaid|merwoman|ocean|sea|siren|trident	5.0	🧜🏻‍♀️|🧜🏼‍♀️|🧜🏽‍♀️|🧜🏾‍♀️|🧜🏿‍♀️
People & Body	🧝	elf	elf|elves|enchantment|fantasy|folklore|magic|magical|myth	5.0	🧝🏻|🧝🏼|🧝🏽|🧝🏾|🧝🏿
People & Body	🧝‍♂️	man elf	elf|elves|enchantment|fantasy|folklore|magic|magical|man|myth	5.0	🧝🏻‍♂️|🧝🏼‍♂️|🧝🏽‍♂️|🧝🏾‍♂️|🧝🏿‍♂️
People & Body	🧝‍♀️	woman elf	elf|elves|enchantment|fantasy|folklore|magic|magical|myth|woman	5.0	🧝🏻‍♀️|🧝🏼‍♀️|🧝🏽‍♀️|🧝🏾‍♀️|🧝🏿‍♀️
People & Body	🧞	genie	djinn|fantasy|genie|jinn|lamp|myth|rub|wishes	5.0	
People & Body	🧞‍♂️	man genie	djinn|fantasy|genie|jinn|lamp|man|myth|rub|wishes	5.0	
People & Body	🧞‍♀️	woman genie	djinn|fantasy|genie|jinn|lamp|myth|rub|wishes|woman	5.0	
People & Body	🧟	zombie	apocalypse|dead|halloween|horror|scary|undead|walking|zombie	5.0	
People & Body	🧟‍♂️	man zombie	apocalypse|dead|halloween|horror|man|scary|undead|walking|zombie	5.0	
People & Body	🧟‍♀️	woman zombie	apocalypse|dead|halloween|horror|scary|undead|walking|woman|zombie	5.0	
People & Body	🧌	troll	fairy|fantasy|monster|tale|troll|trolling	14.0	
People & Body	🫈	hairy creature	bigfoot|cryptid|forest|giant|hairy|sasquatch|woodwose|yeti	17.0	
People & Body	💆	person getting massage	face|getting|headache|massage|person|relax|relaxing|salon|soothe|spa|tension|therapy|treatment	0.6	💆🏻|💆🏼|💆🏽|💆🏾|💆🏿
People & Body	💆‍♂️	man getting massage	face|getting|headache|man|massage|relax|relaxing|salon|soothe|spa|tension|therapy|treatment	4.0	💆🏻‍♂️|💆🏼‍♂️|💆🏽‍♂️|💆🏾‍♂️|💆🏿‍♂️
People & Body	💆‍♀️	woman getting massage	face|getting|headache|massage|relax|relaxing|salon|soothe|spa|tension|therapy|treatment|woman	4.0	💆🏻‍♀️|💆🏼‍♀️|💆🏽‍♀️|💆🏾‍♀️|💆🏿‍♀️
People & Body	💇	person getting haircut	barber|beauty|chop|cosmetology|cut|groom|hair|haircut|parlor|person|shears|style	0.6	💇🏻|💇🏼|💇🏽|💇🏾|💇🏿
People & Body	💇‍♂️	man getting haircut	barber|beauty|chop|cosmetology|cut|groom|hair|haircut|man|parlor|person|shears|style	4.0	💇🏻‍♂️|💇🏼‍♂️|💇🏽‍♂️|💇🏾‍♂️|💇🏿‍♂️
People & Body	💇‍♀️	woman getting haircut	barber|beauty|chop|cosmetology|cut|groom|hair|haircut|parlor|person|shears|style|woman	4.0	💇🏻‍♀️|💇🏼‍♀️|💇🏽‍♀️|💇🏾‍♀️|💇🏿‍♀️
People & Body	🚶	person walking	amble|gait|hike|man|pace|pedestrian|person|stride|stroll|walk|walking	0.6	🚶🏻|🚶🏼|🚶🏽|🚶🏾|🚶🏿
People & Body	🚶‍♂️	man walking	amble|gait|hike|man|pace|pedestrian|stride|stroll|walk|walking	4.0	🚶🏻‍♂️|🚶🏼‍♂️|🚶🏽‍♂️|🚶🏾‍♂️|🚶🏿‍♂️
People & Body	🚶‍♀️	woman walking	amble|gait|hike|man|pace|pedestrian|stride|stroll|walk|walking|woman	4.0	🚶🏻‍♀️|🚶🏼‍♀️|🚶🏽‍♀️|🚶🏾‍♀️|🚶🏿‍♀️
People & Body	🚶‍➡️	person walking: facing right	amble|facing|gait|hike|man|pace|pedestrian|person|right|stride|stroll|walk|walking	15.1	🚶🏻‍➡️|🚶🏼‍➡️|🚶🏽‍➡️|🚶🏾‍➡️|🚶🏿‍➡️
People & Body	🚶‍♀️‍➡️	woman walking: facing right	amble|facing|gait|hike|man|pace|pedestrian|right|stride|stroll|walk|walking|woman	15.1	🚶🏻‍♀️‍➡️|🚶🏼‍♀️‍➡️|🚶🏽‍♀️‍➡️|🚶🏾‍♀️‍➡️|🚶🏿‍♀️‍➡️
People & Body	🚶‍♂️‍➡️	man walking: facing right	amble|facing|gait|hike|man|pace|pedestrian|right|stride|stroll|walk|walking	15.1	🚶🏻‍♂️‍➡️|🚶🏼‍♂️‍➡️|🚶🏽‍♂️‍➡️|🚶🏾‍♂️‍➡️|🚶🏿‍♂️‍➡️
People & Body	🧍	person standing	person|stand|standing	12.0	🧍🏻|🧍🏼|🧍🏽|🧍🏾|🧍🏿
People & Body	🧍‍♂️	man standing	man|stand|standing	12.0	🧍🏻‍♂️|🧍🏼‍♂️|🧍🏽‍♂️|🧍🏾‍♂️|🧍🏿‍♂️
People & Body	🧍‍♀️	woman standing	stand|standing|woman	12.0	🧍🏻‍♀️|🧍🏼‍♀️|🧍🏽‍♀️|🧍🏾‍♀️|🧍🏿‍♀️
People & Body	🧎	person kneeling	kneel|kneeling|knees|person	12.0	🧎🏻|🧎🏼|🧎🏽|🧎🏾|🧎🏿
People & Body	🧎‍♂️	man kneeling	kneel|kneeling|knees|man	12.0	🧎🏻‍♂️|🧎🏼‍♂️|🧎🏽‍♂️|🧎🏾‍♂️|🧎🏿‍♂️
People & Body	🧎‍♀️	woman kneeling	kneel|kneeling|knees|woman	12.0	🧎🏻‍♀️|🧎🏼‍♀️|🧎🏽‍♀️|🧎🏾‍♀️|🧎🏿‍♀️
People & Body	🧎‍➡️	person kneeling: facing right	facing|kneel|kneeling|knees|person|right	15.1	🧎🏻‍➡️|🧎🏼‍➡️|🧎🏽‍➡️|🧎🏾‍➡️|🧎🏿‍➡️
People & Body	🧎‍♀️‍➡️	woman kneeling: facing right	facing|kneel|kneeling|knees|right|woman	15.1	🧎🏻‍♀️‍➡️|🧎🏼‍♀️‍➡️|🧎🏽‍♀️‍➡️|🧎🏾‍♀️‍➡️|🧎🏿‍♀️‍➡️
People & Body	🧎‍♂️‍➡️	man kneeling: facing right	facing|kneel|kneeling|knees|man|right	15.1	🧎🏻‍♂️‍➡️|🧎🏼‍♂️‍➡️|🧎🏽‍♂️‍➡️|🧎🏾‍♂️‍➡️|🧎🏿‍♂️‍➡️
People & Body	🧑‍🦯	person with white cane	accessibility|blind|cane|person|probing|white	12.1	🧑🏻‍🦯|🧑🏼‍🦯|🧑🏽‍🦯|🧑🏾‍🦯|🧑🏿‍🦯
People & Body	🧑‍🦯‍➡️	person with white cane: facing right	accessibility|blind|cane|facing|person|probing|right|white	15.1	🧑🏻‍🦯‍➡️|🧑🏼‍🦯‍➡️|🧑🏽‍🦯‍➡️|🧑🏾‍🦯‍➡️|🧑🏿‍🦯‍➡️
People & Body	👨‍🦯	man with white cane	accessibility|blind|cane|man|probing|white	12.0	👨🏻‍🦯|👨🏼‍🦯|👨🏽‍🦯|👨🏾‍🦯|👨🏿‍🦯
People & Body	👨‍🦯‍➡️	man with white cane: facing right	accessibility|blind|cane|facing|man|probing|right|white	15.1	👨🏻‍🦯‍➡️|👨🏼‍🦯‍➡️|👨🏽‍🦯‍➡️|👨🏾‍🦯‍➡️|👨🏿‍🦯‍➡️
People & Body	👩‍🦯	woman with white cane	accessibility|blind|cane|probing|white|woman	12.0	👩🏻‍🦯|👩🏼‍🦯|👩🏽‍🦯|👩🏾‍🦯|👩🏿‍🦯
People & Body	👩‍🦯‍➡️	woman with white cane: facing right	accessibility|blind|cane|facing|probing|right|white|woman	15.1	👩🏻‍🦯‍➡️|👩🏼‍🦯‍➡️|👩🏽‍🦯‍➡️|👩🏾‍🦯‍➡️|👩🏿‍🦯‍➡️
People & Body	🧑‍🦼	person in motorized wheelchair	accessibility|motorized|person|wheelchair	12.1	🧑🏻‍🦼|🧑🏼‍🦼|🧑🏽‍🦼|🧑🏾‍🦼|🧑🏿‍🦼
People & Body	🧑‍🦼‍➡️	person in motorized wheelchair: facing right	accessibility|facing|motorized|person|right|wheelchair	15.1	🧑🏻‍🦼‍➡️|🧑🏼‍🦼‍➡️|🧑🏽‍🦼‍➡️|🧑🏾‍🦼‍➡️|🧑🏿‍🦼‍➡️
People & Body	👨‍🦼	man in motorized wheelchair	accessibility|man|motorized|wheelchair	12.0	👨🏻‍🦼|👨🏼‍🦼|👨🏽‍🦼|👨🏾‍🦼|👨🏿‍🦼
People & Body	👨‍🦼‍➡️	man in motorized wheelchair: facing right	accessibility|facing|man|motorized|right|wheelchair	15.1	👨🏻‍🦼‍➡️|👨🏼‍🦼‍➡️|👨🏽‍🦼‍➡️|👨🏾‍🦼‍➡️|👨🏿‍🦼‍➡️
People & Body	👩‍🦼	woman in motorized wheelchair	accessibility|motorized|wheelchair|woman	12.0	👩🏻‍🦼|👩🏼‍🦼|👩🏽‍🦼|👩🏾‍🦼|👩🏿‍🦼
People & Body	👩‍🦼‍➡️	woman in motorized wheelchair: facing right	accessibility|facing|motorized|right|wheelchair|woman	15.1	👩🏻‍🦼‍➡️|👩🏼‍🦼‍➡️|👩🏽‍🦼‍➡️|👩🏾‍🦼‍➡️|👩🏿‍🦼‍➡️
People & Body	🧑‍🦽	person in manual wheelchair	accessibility|manual|person|wheelchair	12.1	🧑🏻‍🦽|🧑🏼‍🦽|🧑🏽‍🦽|🧑🏾‍🦽|🧑🏿‍🦽
People & Body	🧑‍🦽‍➡️	person in manual wheelchair: facing right	accessibility|facing|manual|person|right|wheelchair	15.1	🧑🏻‍🦽‍➡️|🧑🏼‍🦽‍➡️|🧑🏽‍🦽‍➡️|🧑🏾‍🦽‍➡️|🧑🏿‍🦽‍➡️
People & Body	👨‍🦽	man in manual wheelchair	accessibility|man|manual|wheelchair	12.0	👨🏻‍🦽|👨🏼‍🦽|👨🏽‍🦽|👨🏾‍🦽|👨🏿‍🦽
People & Body	👨‍🦽‍➡️	man in manual wheelchair: facing right	accessibility|facing|man|manual|right|wheelchair	15.1	👨🏻‍🦽‍➡️|👨🏼‍🦽‍➡️|👨🏽‍🦽‍➡️|👨🏾‍🦽‍➡️|👨🏿‍🦽‍➡️
People & Body	👩‍🦽	woman in manual wheelchair	accessibility|manual|wheelchair|woman	12.0	👩🏻‍🦽|👩🏼‍🦽|👩🏽‍🦽|👩🏾‍🦽|👩🏿‍🦽
People & Body	👩‍🦽‍➡️	woman in manual wheelchair: facing right	accessibility|facing|manual|right|wheelchair|woman	15.1	👩🏻‍🦽‍➡️|👩🏼‍🦽‍➡️|👩🏽‍🦽‍➡️|👩🏾‍🦽‍➡️|👩🏿‍🦽‍➡️
People & Body	🏃	person running	fast|hurry|marathon|move|person|quick|race|racing|run|rush|speed	0.6	🏃🏻|🏃🏼|🏃🏽|🏃🏾|🏃🏿
People & Body	🏃‍♂️	man running	fast|hurry|man|marathon|move|quick|race|racing|run|rush|speed	4.0	🏃🏻‍♂️|🏃🏼‍♂️|🏃🏽‍♂️|🏃🏾‍♂️|🏃🏿‍♂️
People & Body	🏃‍♀️	woman running	fast|hurry|marathon|move|quick|race|racing|run|rush|speed|woman	4.0	🏃🏻‍♀️|🏃🏼‍♀️|🏃🏽‍♀️|🏃🏾‍♀️|🏃🏿‍♀️
People & Body	🏃‍➡️	person running: facing right	facing|fast|hurry|marathon|move|person|quick|race|racing|right|run|rush|speed	15.1	🏃🏻‍➡️|🏃🏼‍➡️|🏃🏽‍➡️|🏃🏾‍➡️|🏃🏿‍➡️
People & Body	🏃‍♀️‍➡️	woman running: facing right	facing|fast|hurry|marathon|move|quick|race|racing|right|run|rush|speed|woman	15.1	🏃🏻‍♀️‍➡️|🏃🏼‍♀️‍➡️|🏃🏽‍♀️‍➡️|🏃🏾‍♀️‍➡️|🏃🏿‍♀️‍➡️
People & Body	🏃‍♂️‍➡️	man running: facing right	facing|fast|hurry|man|marathon|move|quick|race|racing|right|run|rush|speed	15.1	🏃🏻‍♂️‍➡️|🏃🏼‍♂️‍➡️|🏃🏽‍♂️‍➡️|🏃🏾‍♂️‍➡️|🏃🏿‍♂️‍➡️
People & Body	🧑‍🩰	ballet dancer	ballet|dancer	17.0	🧑🏻‍🩰|🧑🏼‍🩰|🧑🏽‍🩰|🧑🏾‍🩰|🧑🏿‍🩰
People & Body	💃	woman dancing	dance|dancer|dancing|elegant|festive|flair|flamenco|groove|let’s|salsa|tango|woman	0.6	💃🏻|💃🏼|💃🏽|💃🏾|💃🏿
People & Body	🕺	man dancing	dance|dancer|dancing|elegant|festive|flair|flamenco|groove|let’s|man|salsa|tango	3.0	🕺🏻|🕺🏼|🕺🏽|🕺🏾|🕺🏿
People & Body	🕴️	person in suit levitating	business|levitating|person|suit	0.7	🕴🏻|🕴🏼|🕴🏽|🕴🏾|🕴🏿
People & Body	👯	people with bunny ears	bestie|bff|bunny|counterpart|dancer|double|ear|identical|pair|party|partying|people|soulmate|twin|twinsies	0.6	👯🏻|👯🏼|👯🏽|👯🏾|👯🏿
People & Body	👯‍♂️	men with bunny ears	bestie|bff|bunny|counterpart|dancer|double|ear|identical|men|pair|party|partying|people|soulmate|twin|twinsies	4.0	👯🏻‍♂️|👯🏼‍♂️|👯🏽‍♂️|👯🏾‍♂️|👯🏿‍♂️
People & Body	👯‍♀️	women with bunny ears	bestie|bff|bunny|counterpart|dancer|double|ear|identical|pair|party|partying|people|soulmate|twin|twinsies|women	4.0	👯🏻‍♀️|👯🏼‍♀️|👯🏽‍♀️|👯🏾‍♀️|👯🏿‍♀️
People & Body	🧖	person in steamy room	day|luxurious|pamper|person|relax|room|sauna|spa|steam|steambath|unwind	5.0	🧖🏻|🧖🏼|🧖🏽|🧖🏾|🧖🏿
People & Body	🧖‍♂️	man in steamy room	day|luxurious|man|pamper|relax|room|sauna|spa|steam|steambath|unwind	5.0	🧖🏻‍♂️|🧖🏼‍♂️|🧖🏽‍♂️|🧖🏾‍♂️|🧖🏿‍♂️
People & Body	🧖‍♀️	woman in steamy room	day|luxurious|pamper|relax|room|sauna|spa|steam|steambath|unwind|woman	5.0	🧖🏻‍♀️|🧖🏼‍♀️|🧖🏽‍♀️|🧖🏾‍♀️|🧖🏿‍♀️
People & Body	🧗	person climbing	climb|climber|climbing|mountain|person|rock|scale|up	5.0	🧗🏻|🧗🏼|🧗🏽|🧗🏾|🧗🏿
People & Body	🧗‍♂️	man climbing	climb|climber|climbing|man|mountain|rock|scale|up	5.0	🧗🏻‍♂️|🧗🏼‍♂️|🧗🏽‍♂️|🧗🏾‍♂️|🧗🏿‍♂️
People & Body	🧗‍♀️	woman climbing	climb|climber|climbing|mountain|rock|scale|up|woman	5.0	🧗🏻‍♀️|🧗🏼‍♀️|🧗🏽‍♀️|🧗🏾‍♀️|🧗🏿‍♀️
People & Body	🤺	person fencing	fencer|fencing|person|sword	3.0	
People & Body	🏇	horse racing	horse|jockey|racehorse|racing|riding|sport	1.0	🏇🏻|🏇🏼|🏇🏽|🏇🏾|🏇🏿
People & Body	⛷️	skier	ski|skier|snow	0.7	
People & Body	🏂	snowboarder	ski|snow|snowboard|snowboarder|sport	0.6	🏂🏻|🏂🏼|🏂🏽|🏂🏾|🏂🏿
People & Body	🏌️	person golfing	ball|birdie|caddy|driving|golf|golfing|green|person|pga|putt|range|tee	0.7	🏌🏻|🏌🏼|🏌🏽|🏌🏾|🏌🏿
People & Body	🏌️‍♂️	man golfing	ball|birdie|caddy|driving|golf|golfing|green|man|pga|putt|range|tee	4.0	🏌🏻‍♂️|🏌🏼‍♂️|🏌🏽‍♂️|🏌🏾‍♂️|🏌🏿‍♂️
People & Body	🏌️‍♀️	woman golfing	ball|birdie|caddy|driving|golf|golfing|green|pga|putt|range|tee|woman	4.0	🏌🏻‍♀️|🏌🏼‍♀️|🏌🏽‍♀️|🏌🏾‍♀️|🏌🏿‍♀️
People & Body	🏄	person surfing	beach|ocean|person|sport|surf|surfer|surfing|swell|waves	0.6	🏄🏻|🏄🏼|🏄🏽|🏄🏾|🏄🏿
People & Body	🏄‍♂️	man surfing	beach|man|ocean|sport|surf|surfer|surfing|swell|waves	4.0	🏄🏻‍♂️|🏄🏼‍♂️|🏄🏽‍♂️|🏄🏾‍♂️|🏄🏿‍♂️
People & Body	🏄‍♀️	woman surfing	beach|ocean|person|sport|surf|surfer|surfing|swell|waves	4.0	🏄🏻‍♀️|🏄🏼‍♀️|🏄🏽‍♀️|🏄🏾‍♀️|🏄🏿‍♀️
People & Body	🚣	person rowing boat	boat|canoe|cruise|fishing|lake|oar|paddle|person|raft|river|row|rowboat|rowing	1.0	🚣🏻|🚣🏼|🚣🏽|🚣🏾|🚣🏿
People & Body	🚣‍♂️	man rowing boat	boat|canoe|cruise|fishing|lake|man|oar|paddle|raft|river|row|rowboat|rowing	4.0	🚣🏻‍♂️|🚣🏼‍♂️|🚣🏽‍♂️|🚣🏾‍♂️|🚣🏿‍♂️
People & Body	🚣‍♀️	woman rowing boat	boat|canoe|cruise|fishing|lake|oar|paddle|raft|river|row|rowboat|rowing|woman	4.0	🚣🏻‍♀️|🚣🏼‍♀️|🚣🏽‍♀️|🚣🏾‍♀️|🚣🏿‍♀️
People & Body	🏊	person swimming	freestyle|person|sport|swim|swimmer|swimming|triathlon	0.6	🏊🏻|🏊🏼|🏊🏽|🏊🏾|🏊🏿
People & Body	🏊‍♂️	man swimming	freestyle|man|sport|swim|swimmer|swimming|triathlon	4.0	🏊🏻‍♂️|🏊🏼‍♂️|🏊🏽‍♂️|🏊🏾‍♂️|🏊🏿‍♂️
People & Body	🏊‍♀️	woman swimming	freestyle|man|sport|swim|swimmer|swimming|triathlon	4.0	🏊🏻‍♀️|🏊🏼‍♀️|🏊🏽‍♀️|🏊🏾‍♀️|🏊🏿‍♀️
People & Body	⛹️	person bouncing ball	athletic|ball|basketball|bouncing|championship|dribble|net|person|player|throw	0.7	⛹🏻|⛹🏼|⛹🏽|⛹🏾|⛹🏿
People & Body	⛹️‍♂️	man bouncing ball	athletic|ball|basketball|bouncing|championship|dribble|man|net|player|throw	4.0	⛹🏻‍♂️|⛹🏼‍♂️|⛹🏽‍♂️|⛹🏾‍♂️|⛹🏿‍♂️
People & Body	⛹️‍♀️	woman bouncing ball	athletic|ball|basketball|bouncing|championship|dribble|net|player|throw|woman	4.0	⛹🏻‍♀️|⛹🏼‍♀️|⛹🏽‍♀️|⛹🏾‍♀️|⛹🏿‍♀️
People & Body	🏋️	person lifting weights	barbell|bodybuilder|deadlift|lifter|lifting|person|powerlifting|weight|weightlifter|weights|workout	0.7	🏋🏻|🏋🏼|🏋🏽|🏋🏾|🏋🏿
People & Body	🏋️‍♂️	man lifting weights	barbell|bodybuilder|deadlift|lifter|lifting|man|powerlifting|weight|weightlifter|weights|workout	4.0	🏋🏻‍♂️|🏋🏼‍♂️|🏋🏽‍♂️|🏋🏾‍♂️|🏋🏿‍♂️
People & Body	🏋️‍♀️	woman lifting weights	barbell|bodybuilder|deadlift|lifter|lifting|powerlifting|weight|weightlifter|weights|woman|workout	4.0	🏋🏻‍♀️|🏋🏼‍♀️|🏋🏽‍♀️|🏋🏾‍♀️|🏋🏿‍♀️
People & Body	🚴	person biking	bicycle|bicyclist|bike|biking|cycle|cyclist|person|riding|sport	1.0	🚴🏻|🚴🏼|🚴🏽|🚴🏾|🚴🏿
People & Body	🚴‍♂️	man biking	bicycle|bicyclist|bike|biking|cycle|cyclist|man|riding|sport	4.0	🚴🏻‍♂️|🚴🏼‍♂️|🚴🏽‍♂️|🚴🏾‍♂️|🚴🏿‍♂️
People & Body	🚴‍♀️	woman biking	bicycle|bicyclist|bike|biking|cycle|cyclist|riding|sport|woman	4.0	🚴🏻‍♀️|🚴🏼‍♀️|🚴🏽‍♀️|🚴🏾‍♀️|🚴🏿‍♀️
People & Body	🚵	person mountain biking	bicycle|bicyclist|bike|biking|cycle|cyclist|mountain|person|riding|sport	1.0	🚵🏻|🚵🏼|🚵🏽|🚵🏾|🚵🏿
People & Body	🚵‍♂️	man mountain biking	bicycle|bicyclist|bike|biking|cycle|cyclist|man|mountain|riding|sport	4.0	🚵🏻‍♂️|🚵🏼‍♂️|🚵🏽‍♂️|🚵🏾‍♂️|🚵🏿‍♂️
People & Body	🚵‍♀️	woman mountain biking	bicycle|bicyclist|bike|biking|cycle|cyclist|mountain|riding|sport|woman	4.0	🚵🏻‍♀️|🚵🏼‍♀️|🚵🏽‍♀️|🚵🏾‍♀️|🚵🏿‍♀️
People & Body	🤸	person cartwheeling	active|cartwheel|cartwheeling|excited|flip|gymnastics|happy|person|somersault	3.0	🤸🏻|🤸🏼|🤸🏽|🤸🏾|🤸🏿
People & Body	🤸‍♂️	man cartwheeling	active|cartwheel|cartwheeling|excited|flip|gymnastics|happy|man|somersault	4.0	🤸🏻‍♂️|🤸🏼‍♂️|🤸🏽‍♂️|🤸🏾‍♂️|🤸🏿‍♂️
People & Body	🤸‍♀️	woman cartwheeling	active|cartwheel|cartwheeling|excited|flip|gymnastics|happy|somersault|woman	4.0	🤸🏻‍♀️|🤸🏼‍♀️|🤸🏽‍♀️|🤸🏾‍♀️|🤸🏿‍♀️
People & Body	🤼	people wrestling	combat|duel|grapple|people|ring|tournament|wrestle|wrestling	3.0	🤼🏻|🤼🏼|🤼🏽|🤼🏾|🤼🏿
People & Body	🤼‍♂️	men wrestling	combat|duel|grapple|men|ring|tournament|wrestle|wrestling	4.0	🤼🏻‍♂️|🤼🏼‍♂️|🤼🏽‍♂️|🤼🏾‍♂️|🤼🏿‍♂️
People & Body	🤼‍♀️	women wrestling	combat|duel|grapple|ring|tournament|women|wrestle|wrestling	4.0	🤼🏻‍♀️|🤼🏼‍♀️|🤼🏽‍♀️|🤼🏾‍♀️|🤼🏿‍♀️
People & Body	🤽	person playing water polo	person|playing|polo|sport|swimming|water|waterpolo	3.0	🤽🏻|🤽🏼|🤽🏽|🤽🏾|🤽🏿
People & Body	🤽‍♂️	man playing water polo	man|playing|polo|sport|swimming|water|waterpolo	4.0	🤽🏻‍♂️|🤽🏼‍♂️|🤽🏽‍♂️|🤽🏾‍♂️|🤽🏿‍♂️
People & Body	🤽‍♀️	woman playing water polo	playing|polo|sport|swimming|water|waterpolo|woman	4.0	🤽🏻‍♀️|🤽🏼‍♀️|🤽🏽‍♀️|🤽🏾‍♀️|🤽🏿‍♀️
People & Body	🤾	person playing handball	athletics|ball|catch|chuck|handball|hurl|lob|person|pitch|playing|sport|throw|toss	3.0	🤾🏻|🤾🏼|🤾🏽|🤾🏾|🤾🏿
People & Body	🤾‍♂️	man playing handball	athletics|ball|catch|chuck|handball|hurl|lob|man|pitch|playing|sport|throw|toss	4.0	🤾🏻‍♂️|🤾🏼‍♂️|🤾🏽‍♂️|🤾🏾‍♂️|🤾🏿‍♂️
People & Body	🤾‍♀️	woman playing handball	athletics|ball|catch|chuck|handball|hurl|lob|pitch|playing|sport|throw|toss|woman	4.0	🤾🏻‍♀️|🤾🏼‍♀️|🤾🏽‍♀️|🤾🏾‍♀️|🤾🏿‍♀️
People & Body	🤹	person juggling	act|balance|balancing|handle|juggle|juggling|manage|multitask|person|skill	3.0	🤹🏻|🤹🏼|🤹🏽|🤹🏾|🤹🏿
People & Body	🤹‍♂️	man juggling	act|balance|balancing|handle|juggle|juggling|man|manage|multitask|skill	4.0	🤹🏻‍♂️|🤹🏼‍♂️|🤹🏽‍♂️|🤹🏾‍♂️|🤹🏿‍♂️
People & Body	🤹‍♀️	woman juggling	act|balance|balancing|handle|juggle|juggling|manage|multitask|skill|woman	4.0	🤹🏻‍♀️|🤹🏼‍♀️|🤹🏽‍♀️|🤹🏾‍♀️|🤹🏿‍♀️
People & Body	🧘	person in lotus position	cross|legged|legs|lotus|meditation|peace|person|position|relax|serenity|yoga|yogi|zen	5.0	🧘🏻|🧘🏼|🧘🏽|🧘🏾|🧘🏿
People & Body	🧘‍♂️	man in lotus position	cross|legged|legs|lotus|man|meditation|peace|position|relax|serenity|yoga|yogi|zen	5.0	🧘🏻‍♂️|🧘🏼‍♂️|🧘🏽‍♂️|🧘🏾‍♂️|🧘🏿‍♂️
People & Body	🧘‍♀️	woman in lotus position	cross|legged|legs|lotus|meditation|peace|position|relax|serenity|woman|yoga|yogi|zen	5.0	🧘🏻‍♀️|🧘🏼‍♀️|🧘🏽‍♀️|🧘🏾‍♀️|🧘🏿‍♀️
People & Body	🛀	person taking bath	bath|bathtub|person|taking|tub	0.6	🛀🏻|🛀🏼|🛀🏽|🛀🏾|🛀🏿
People & Body	🛌	person in bed	bed|bedtime|good|goodnight|hotel|nap|night|person|sleep|tired|zzz	1.0	🛌🏻|🛌🏼|🛌🏽|🛌🏾|🛌🏿
People & Body	🧑‍🤝‍🧑	people holding hands	bae|bestie|bff|couple|dating|flirt|friends|hand|hold|people|twins	12.0	🧑🏻‍🤝‍🧑🏻|🧑🏼‍🤝‍🧑🏼|🧑🏽‍🤝‍🧑🏽|🧑🏾‍🤝‍🧑🏾|🧑🏿‍🤝‍🧑🏿
People & Body	👭	women holding hands	bae|bestie|bff|couple|dating|flirt|friends|girls|hand|hold|sisters|twins|women	1.0	👭🏻|👭🏼|👭🏽|👭🏾|👭🏿
People & Body	👫	woman and man holding hands	bae|bestie|bff|couple|dating|flirt|friends|hand|hold|man|twins|woman	0.6	👫🏻|👫🏼|👫🏽|👫🏾|👫🏿
People & Body	👬	men holding hands	bae|bestie|bff|boys|brothers|couple|dating|flirt|friends|hand|hold|men|twins	1.0	👬🏻|👬🏼|👬🏽|👬🏾|👬🏿
People & Body	💏	kiss	anniversary|babe|bae|couple|date|dating|heart|kiss|love|mwah|person|romance|together|xoxo	0.6	💏🏻|💏🏼|💏🏽|💏🏾|💏🏿
People & Body	👩‍❤️‍💋‍👨	kiss: woman, man	anniversary|babe|bae|couple|date|dating|heart|kiss|love|man|mwah|person|romance|together|woman|xoxo	2.0	👩🏻‍❤️‍💋‍👨🏻|👩🏼‍❤️‍💋‍👨🏼|👩🏽‍❤️‍💋‍👨🏽|👩🏾‍❤️‍💋‍👨🏾|👩🏿‍❤️‍💋‍👨🏿
People & Body	👨‍❤️‍💋‍👨	kiss: man, man	anniversary|babe|bae|couple|date|dating|heart|kiss|love|man|mwah|person|romance|together|xoxo	2.0	👨🏻‍❤️‍💋‍👨🏻|👨🏼‍❤️‍💋‍👨🏼|👨🏽‍❤️‍💋‍👨🏽|👨🏾‍❤️‍💋‍👨🏾|👨🏿‍❤️‍💋‍👨🏿
People & Body	👩‍❤️‍💋‍👩	kiss: woman, woman	anniversary|babe|bae|couple|date|dating|heart|kiss|love|mwah|person|romance|together|woman|xoxo	2.0	👩🏻‍❤️‍💋‍👩🏻|👩🏼‍❤️‍💋‍👩🏼|👩🏽‍❤️‍💋‍👩🏽|👩🏾‍❤️‍💋‍👩🏾|👩🏿‍❤️‍💋‍👩🏿
People & Body	💑	couple with heart	anniversary|babe|bae|couple|dating|heart|kiss|love|person|relationship|romance|together|you	0.6	💑🏻|💑🏼|💑🏽|💑🏾|💑🏿
People & Body	👩‍❤️‍👨	couple with heart: woman, man	anniversary|babe|bae|couple|dating|heart|kiss|love|man|person|relationship|romance|together|woman|you	2.0	👩🏻‍❤️‍👨🏻|👩🏼‍❤️‍👨🏼|👩🏽‍❤️‍👨🏽|👩🏾‍❤️‍👨🏾|👩🏿‍❤️‍👨🏿
People & Body	👨‍❤️‍👨	couple with heart: man, man	anniversary|babe|bae|couple|dating|heart|kiss|love|man|person|relationship|romance|together|you	2.0	👨🏻‍❤️‍👨🏻|👨🏼‍❤️‍👨🏼|👨🏽‍❤️‍👨🏽|👨🏾‍❤️‍👨🏾|👨🏿‍❤️‍👨🏿
People & Body	👩‍❤️‍👩	couple with heart: woman, woman	anniversary|babe|bae|couple|dating|heart|kiss|love|person|relationship|romance|together|woman|you	2.0	👩🏻‍❤️‍👩🏻|👩🏼‍❤️‍👩🏼|👩🏽‍❤️‍👩🏽|👩🏾‍❤️‍👩🏾|👩🏿‍❤️‍👩🏿
People & Body	👨‍👩‍👦	family: man, woman, boy	boy|child|family|man|woman	2.0	
People & Body	👨‍👩‍👧	family: man, woman, girl	child|family|girl|man|woman	2.0	
People & Body	👨‍👩‍👧‍👦	family: man, woman, girl, boy	boy|child|family|girl|man|woman	2.0	
People & Body	👨‍👩‍👦‍👦	family: man, woman, boy, boy	boy|child|family|man|woman	2.0	
People & Body	👨‍👩‍👧‍👧	family: man, woman, girl, girl	child|family|girl|man|woman	2.0	
People & Body	👨‍👨‍👦	family: man, man, boy	boy|child|family|man	2.0	
People & Body	👨‍👨‍👧	family: man, man, girl	child|family|girl|man	2.0	
People & Body	👨‍👨‍👧‍👦	family: man, man, girl, boy	boy|child|family|girl|man	2.0	
People & Body	👨‍👨‍👦‍👦	family: man, man, boy, boy	boy|child|family|man	2.0	
People & Body	👨‍👨‍👧‍👧	family: man, man, girl, girl	child|family|girl|man	2.0	
People & Body	👩‍👩‍👦	family: woman, woman, boy	boy|child|family|woman	2.0	
People & Body	👩‍👩‍👧	family: woman, woman, girl	child|family|girl|woman	2.0	
People & Body	👩‍👩‍👧‍👦	family: woman, woman, girl, boy	boy|child|family|girl|woman	2.0	
People & Body	👩‍👩‍👦‍👦	family: woman, woman, boy, boy	boy|child|family|woman	2.0	
People & Body	👩‍👩‍👧‍👧	family: woman, woman, girl, girl	child|family|girl|woman	2.0	
People & Body	👨‍👦	family: man, boy	boy|child|family|man	4.0	
People & Body	👨‍👦‍👦	family: man, boy, boy	boy|child|family|man	4.0	
People & Body	👨‍👧	family: man, girl	child|family|girl|man	4.0	
People & Body	👨‍👧‍👦	family: man, girl, boy	boy|child|family|girl|man	4.0	
People & Body	👨‍👧‍👧	family: man, girl, girl	child|family|girl|man	4.0	
People & Body	👩‍👦	family: woman, boy	boy|child|family|woman	4.0	
People & Body	👩‍👦‍👦	family: woman, boy, boy	boy|child|family|woman	4.0	
People & Body	👩‍👧	family: woman, girl	child|family|girl|woman	4.0	
People & Body	👩‍👧‍👦	family: woman, girl, boy	boy|child|family|girl|woman	4.0	
People & Body	👩‍👧‍👧	family: woman, girl, girl	child|family|girl|woman	4.0	
People & Body	🗣️	speaking head	face|head|silhouette|speak|speaking	0.7	
People & Body	👤	bust in silhouette	bust|mysterious|shadow|silhouette	0.6	
People & Body	👥	busts in silhouette	bff|bust|busts|everyone|friend|friends|people|silhouette	1.0	
People & Body	🫂	people hugging	comfort|embrace|farewell|friendship|goodbye|hello|hug|hugging|love|people|thanks	13.0	
People & Body	👪	family	child|family	0.6	
People & Body	🧑‍🧑‍🧒	family: adult, adult, child	adult|child|family	15.1	
People & Body	🧑‍🧑‍🧒‍🧒	family: adult, adult, child, child	adult|child|family	15.1	
People & Body	🧑‍🧒	family: adult, child	adult|child|family	15.1	
People & Body	🧑‍🧒‍🧒	family: adult, child, child	adult|child|family	15.1	
People & Body	👣	footprints	barefoot|clothing|footprint|footprints|omw|print|walk	0.6	
People & Body	🫆	fingerprint	clue|crime|detective|fingerprint|forensics|identity|mystery|print|safety|trace	16.0	
Animals & Nature	🐵	monkey face	animal|banana|face|monkey	0.6	
Animals & Nature	🐒	monkey	animal|banana|monkey	0.6	
Animals & Nature	🦍	gorilla	animal|gorilla	3.0	
Animals & Nature	🦧	orangutan	animal|ape|monkey|orangutan	12.0	
Animals & Nature	🐶	dog face	adorbs|animal|dog|face|pet|puppies|puppy	0.6	
Animals & Nature	🐕	dog	animal|animals|dog|dogs|pet	0.7	
Animals & Nature	🦮	guide dog	accessibility|animal|blind|dog|guide	12.0	
Animals & Nature	🐕‍🦺	service dog	accessibility|animal|assistance|dog|service	12.0	
Animals & Nature	🐩	poodle	animal|dog|fluffy|poodle	0.6	
Animals & Nature	🐺	wolf	animal|face|wolf	0.6	
Animals & Nature	🦊	fox	animal|face|fox	3.0	
Animals & Nature	🦝	raccoon	animal|curious|raccoon|sly	11.0	
Animals & Nature	🐱	cat face	animal|cat|face|kitten|kitty|pet	0.6	
Animals & Nature	🐈	cat	animal|animals|cat|cats|kitten|pet	0.7	
Animals & Nature	🐈‍⬛	black cat	animal|black|cat|feline|halloween|meow|unlucky	13.0	
Animals & Nature	🦁	lion	alpha|animal|face|Leo|lion|mane|order|rawr|roar|safari|strong|zodiac	1.0	
Animals & Nature	🐯	tiger face	animal|big|cat|face|predator|tiger	0.6	
Animals & Nature	🐅	tiger	animal|big|cat|predator|tiger|zoo	1.0	
Animals & Nature	🐆	leopard	animal|big|cat|leopard|predator|zoo	1.0	
Animals & Nature	🐴	horse face	animal|dressage|equine|face|farm|horse|horses	0.6	
Animals & Nature	🫎	moose	alces|animal|antlers|elk|mammal|moose	15.0	
Animals & Nature	🫏	donkey	animal|ass|burro|donkey|hinny|mammal|mule|stubborn	15.0	
Animals & Nature	🐎	horse	animal|equestrian|farm|horse|racehorse|racing	0.6	
Animals & Nature	🦄	unicorn	face|unicorn	1.0	
Animals & Nature	🦓	zebra	animal|stripe|zebra	5.0	
Animals & Nature	🦌	deer	animal|deer	3.0	
Animals & Nature	🦬	bison	animal|bison|buffalo|herd|wisent	13.0	
Animals & Nature	🐮	cow face	animal|cow|face|farm|milk|moo	0.6	
Animals & Nature	🐂	ox	animal|animals|bull|farm|ox|Taurus|zodiac	1.0	
Animals & Nature	🐃	water buffalo	animal|buffalo|water|zoo	1.0	
Animals & Nature	🐄	cow	animal|animals|cow|farm|milk|moo	1.0	
Animals & Nature	🐷	pig face	animal|bacon|face|farm|pig|pork	0.6	
Animals & Nature	🐖	pig	animal|bacon|farm|pig|pork|sow	1.0	
Animals & Nature	🐗	boar	animal|boar|pig	0.6	
Animals & Nature	🐽	pig nose	animal|face|farm|nose|pig|smell|snout	0.6	
Animals & Nature	🐏	ram	animal|Aries|horns|male|ram|sheep|zodiac|zoo	1.0	
Animals & Nature	🐑	ewe	animal|baa|ewe|farm|female|fluffy|lamb|sheep|wool	0.6	
Animals & Nature	🐐	goat	animal|Capricorn|farm|goat|milk|zodiac	1.0	
Animals & Nature	🐪	camel	animal|camel|desert|dromedary|hump|one	1.0	
Animals & Nature	🐫	two-hump camel	animal|bactrian|camel|desert|hump|two|two-hump	0.6	
Animals & Nature	🦙	llama	alpaca|animal|guanaco|llama|vicuña|wool	11.0	
Animals & Nature	🦒	giraffe	animal|giraffe|spots	5.0	
Animals & Nature	🐘	elephant	animal|elephant	0.6	
Animals & Nature	🦣	mammoth	animal|extinction|large|mammoth|tusk|wooly	13.0	
Animals & Nature	🦏	rhinoceros	animal|rhinoceros	3.0	
Animals & Nature	🦛	hippopotamus	animal|hippo|hippopotamus	11.0	
Animals & Nature	🐭	mouse face	animal|face|mouse	0.6	
Animals & Nature	🐁	mouse	animal|animals|mouse	1.0	
Animals & Nature	🐀	rat	animal|rat	1.0	
Animals & Nature	🐹	hamster	animal|face|hamster|pet	0.6	
Animals & Nature	🐰	rabbit face	animal|bunny|face|pet|rabbit	0.6	
Animals & Nature	🐇	rabbit	animal|bunny|pet|rabbit	1.0	
Animals & Nature	🐿️	chipmunk	animal|chipmunk|squirrel	0.7	
Animals & Nature	🦫	beaver	animal|beaver|dam|teeth	13.0	
Animals & Nature	🦔	hedgehog	animal|hedgehog|spiny	5.0	
Animals & Nature	🦇	bat	animal|bat|vampire	3.0	
Animals & Nature	🐻	bear	animal|bear|face|grizzly|growl|honey	0.6	
Animals & Nature	🐻‍❄️	polar bear	animal|arctic|bear|polar|white	13.0	
Animals & Nature	🐨	koala	animal|australia|bear|down|face|koala|marsupial|under	0.6	
Animals & Nature	🐼	panda	animal|bamboo|face|panda	0.6	
Animals & Nature	🦥	sloth	lazy|sloth|slow	12.0	
Animals & Nature	🦦	otter	animal|fishing|otter|playful	12.0	
Animals & Nature	🦨	skunk	animal|skunk|stink	12.0	
Animals & Nature	🦘	kangaroo	animal|joey|jump|kangaroo|marsupial	11.0	
Animals & Nature	🦡	badger	animal|badger|honey|pester	11.0	
Animals & Nature	🐾	paw prints	feet|paw|paws|print|prints	0.6	
Animals & Nature	🦃	turkey	bird|gobble|thanksgiving|turkey	1.0	
Animals & Nature	🐔	chicken	animal|bird|chicken|ornithology	0.6	
Animals & Nature	🐓	rooster	animal|bird|ornithology|rooster	1.0	
Animals & Nature	🐣	hatching chick	animal|baby|bird|chick|egg|hatching	0.6	
Animals & Nature	🐤	baby chick	animal|baby|bird|chick|ornithology	0.6	
Animals & Nature	🐥	front-facing baby chick	animal|baby|bird|chick|front-facing|newborn|ornithology	0.6	
Animals & Nature	🐦	bird	animal|bird|ornithology	0.6	
Animals & Nature	🐧	penguin	animal|antarctica|bird|ornithology|penguin	0.6	
Animals & Nature	🕊️	dove	bird|dove|fly|ornithology|peace	0.7	
Animals & Nature	🦅	eagle	animal|bird|eagle|ornithology	3.0	
Animals & Nature	🦆	duck	animal|bird|duck|ornithology	3.0	
Animals & Nature	🦢	swan	animal|bird|cygnet|duckling|ornithology|swan|ugly	11.0	
Animals & Nature	🦉	owl	animal|bird|ornithology|owl|wise	3.0	
Animals & Nature	🦤	dodo	animal|bird|dodo|extinction|large|ornithology	13.0	
Animals & Nature	🪶	feather	bird|feather|flight|light|plumage	13.0	
Animals & Nature	🦩	flamingo	animal|bird|flamboyant|flamingo|ornithology|tropical	12.0	
Animals & Nature	🦚	peacock	animal|bird|colorful|ornithology|ostentatious|peacock|peahen|pretty|proud	11.0	
Animals & Nature	🦜	parrot	animal|bird|ornithology|parrot|pirate|talk	11.0	
Animals & Nature	🪽	wing	angelic|ascend|aviation|bird|fly|flying|heavenly|mythology|soar|wing	15.0	
Animals & Nature	🐦‍⬛	black bird	animal|beak|bird|black|caw|corvid|crow|ornithology|raven|rook	15.0	
Animals & Nature	🪿	goose	animal|bird|duck|flock|fowl|gaggle|gander|geese|goose|honk|ornithology|silly	15.0	
Animals & Nature	🐦‍🔥	phoenix	ascend|ascension|emerge|fantasy|firebird|glory|immortal|phoenix|rebirth|reincarnation|reinvent|renewal|revival|revive|rise|transform	15.1	
Animals & Nature	🐸	frog	animal|face|frog	0.6	
Animals & Nature	🐊	crocodile	animal|crocodile|zoo	1.0	
Animals & Nature	🐢	turtle	animal|terrapin|tortoise|turtle	0.6	
Animals & Nature	🦎	lizard	animal|lizard|reptile	3.0	
Animals & Nature	🐍	snake	animal|bearer|Ophiuchus|serpent|snake|zodiac	0.6	
Animals & Nature	🐲	dragon face	animal|dragon|face|fairy|fairytale|tale	0.6	
Animals & Nature	🐉	dragon	animal|dragon|fairy|fairytale|knights|tale	1.0	
Animals & Nature	🦕	sauropod	brachiosaurus|brontosaurus|dinosaur|diplodocus|sauropod	5.0	
Animals & Nature	🦖	T-Rex	dinosaur|Rex|T|T-Rex|Tyrannosaurus	5.0	
Animals & Nature	🐳	spouting whale	animal|beach|face|ocean|spouting|whale	0.6	
Animals & Nature	🐋	whale	animal|beach|ocean|whale	1.0	
Animals & Nature	🐬	dolphin	animal|beach|dolphin|flipper|ocean	0.6	
Animals & Nature	🫍	orca	marine|ocean|whale	17.0	
Animals & Nature	🦭	seal	animal|lion|ocean|sea|seal	13.0	
Animals & Nature	🐟	fish	animal|dinner|fish|fishes|fishing|Pisces|zodiac	0.6	
Animals & Nature	🐠	tropical fish	animal|fish|fishes|tropical	0.6	
Animals & Nature	🐡	blowfish	animal|blowfish|fish	0.6	
Animals & Nature	🦈	shark	animal|fish|shark	3.0	
Animals & Nature	🐙	octopus	animal|creature|ocean|octopus	0.6	
Animals & Nature	🐚	spiral shell	animal|beach|conch|sea|shell|spiral	0.6	
Animals & Nature	🪸	coral	change|climate|coral|ocean|reef|sea	14.0	
Animals & Nature	🪼	jellyfish	animal|aquarium|burn|invertebrate|jelly|jellyfish|life|marine|ocean|ouch|plankton|sea|sting|stinger|tentacles	15.0	
Animals & Nature	🦀	crab	Cancer|crab|zodiac	1.0	
Animals & Nature	🦞	lobster	animal|bisque|claws|lobster|seafood	11.0	
Animals & Nature	🦐	shrimp	food|shellfish|shrimp|small	3.0	
Animals & Nature	🦑	squid	animal|food|mollusk|squid	3.0	
Animals & Nature	🦪	oyster	diving|oyster|pearl	12.0	
Animals & Nature	🐌	snail	animal|escargot|garden|nature|slug|snail	0.6	
Animals & Nature	🦋	butterfly	butterfly|insect|pretty	3.0	
Animals & Nature	🫌	monarch butterfly		18.0	
Animals & Nature	🐛	bug	animal|bug|garden|insect	0.6	
Animals & Nature	🐜	ant	animal|ant|garden|insect	0.6	
Animals & Nature	🐝	honeybee	animal|bee|bumblebee|honey|honeybee|insect|nature|spring	0.6	
Animals & Nature	🪲	beetle	animal|beetle|bug|insect	13.0	
Animals & Nature	🐞	lady beetle	animal|beetle|garden|insect|lady|ladybird|ladybug|nature	0.6	
Animals & Nature	🦗	cricket	animal|bug|cricket|grasshopper|insect|Orthoptera	5.0	
Animals & Nature	🪳	cockroach	animal|cockroach|insect|pest|roach	13.0	
Animals & Nature	🕷️	spider	animal|insect|spider	0.7	
Animals & Nature	🕸️	spider web	spider|web	0.7	
Animals & Nature	🦂	scorpion	Scorpio|scorpion|Scorpius|zodiac	1.0	
Animals & Nature	🦟	mosquito	bite|disease|fever|insect|malaria|mosquito|pest|virus	11.0	
Animals & Nature	🪰	fly	animal|disease|fly|insect|maggot|pest|rotting	13.0	
Animals & Nature	🪱	worm	animal|annelid|earthworm|parasite|worm	13.0	
Animals & Nature	🦠	microbe	amoeba|bacteria|microbe|science|virus	11.0	
Animals & Nature	💐	bouquet	anniversary|birthday|bouquet|date|flower|love|plant|romance	0.6	
Animals & Nature	🌸	cherry blossom	blossom|cherry|flower|plant|spring|springtime	0.6	
Animals & Nature	💮	white flower	flower|white	0.6	
Animals & Nature	🪷	lotus	beauty|Buddhism|calm|flower|Hinduism|lotus|peace|purity|serenity	14.0	
Animals & Nature	🏵️	rosette	plant|rosette	0.7	
Animals & Nature	🌹	rose	beauty|elegant|flower|love|plant|red|rose|valentine	0.6	
Animals & Nature	🥀	wilted flower	dying|flower|wilted	3.0	
Animals & Nature	🌺	hibiscus	flower|hibiscus|plant	0.6	
Animals & Nature	🌻	sunflower	flower|outdoors|plant|sun|sunflower	0.6	
Animals & Nature	🌼	blossom	blossom|buttercup|dandelion|flower|plant	0.6	
Animals & Nature	🌷	tulip	blossom|flower|growth|plant|tulip	0.6	
Animals & Nature	🪻	hyacinth	bloom|bluebonnet|flower|hyacinth|indigo|lavender|lilac|lupine|plant|purple|shrub|snapdragon|spring|violet	15.0	
Animals & Nature	🌱	seedling	plant|sapling|seedling|sprout|young	0.6	
Animals & Nature	🪴	potted plant	decor|grow|house|nurturing|plant|pot|potted	13.0	
Animals & Nature	🌲	evergreen tree	christmas|evergreen|forest|pine|tree	1.0	
Animals & Nature	🌳	deciduous tree	deciduous|forest|green|habitat|shedding|tree	1.0	
Animals & Nature	🌴	palm tree	beach|palm|plant|tree|tropical	0.6	
Animals & Nature	🌵	cactus	cactus|desert|drought|nature|plant	0.6	
Animals & Nature	🌾	sheaf of rice	ear|grain|grains|plant|rice|sheaf	0.6	
Animals & Nature	🌿	herb	herb|leaf|plant	0.6	
Animals & Nature	☘️	shamrock	irish|plant|shamrock	1.0	
Animals & Nature	🍀	four leaf clover	4|clover|four|four-leaf|irish|leaf|lucky|plant	0.6	
Animals & Nature	🍁	maple leaf	falling|leaf|maple	0.6	
Animals & Nature	🍂	fallen leaf	autumn|fall|fallen|falling|leaf	0.6	
Animals & Nature	🍃	leaf fluttering in wind	blow|flutter|fluttering|leaf|wind	0.6	
Animals & Nature	🪹	empty nest	branch|empty|home|nest|nesting	14.0	
Animals & Nature	🪺	nest with eggs	bird|branch|egg|eggs|nest|nesting	14.0	
Animals & Nature	🍄	mushroom	fungus|mushroom|toadstool	0.6	
Animals & Nature	🪾	leafless tree	bare|barren|branches|dead|drought|leafless|tree|trunk|winter|wood	16.0	
Food & Drink	🍇	grapes	Dionysus|fruit|grape|grapes	0.6	
Food & Drink	🍈	melon	cantaloupe|fruit|melon	0.6	
Food & Drink	🍉	watermelon	fruit|watermelon	0.6	
Food & Drink	🍊	tangerine	c|citrus|fruit|nectarine|orange|tangerine|vitamin	0.6	
Food & Drink	🍋	lemon	citrus|fruit|lemon|sour	1.0	
Food & Drink	🍋‍🟩	lime	acidity|citrus|cocktail|fruit|garnish|key|lime|margarita|mojito|refreshing|salsa|sour|tangy|tequila|tropical|zest	15.1	
Food & Drink	🍌	banana	banana|fruit|potassium	0.6	
Food & Drink	🍍	pineapple	colada|fruit|pina|pineapple|tropical	0.6	
Food & Drink	🥭	mango	food|fruit|mango|tropical	11.0	
Food & Drink	🍎	red apple	apple|diet|food|fruit|health|red|ripe	0.6	
Food & Drink	🍏	green apple	apple|fruit|green	0.6	
Food & Drink	🍐	pear	fruit|pear	1.0	
Food & Drink	🍑	peach	fruit|peach	0.6	
Food & Drink	🍒	cherries	berries|cherries|cherry|fruit|red	0.6	
Food & Drink	🍓	strawberry	berry|fruit|strawberry	0.6	
Food & Drink	🫐	blueberries	berries|berry|bilberry|blue|blueberries|blueberry|food|fruit	13.0	
Food & Drink	🥝	kiwi fruit	food|fruit|kiwi	3.0	
Food & Drink	🍅	tomato	food|fruit|tomato|vegetable	0.6	
Food & Drink	🫒	olive	food|olive	13.0	
Food & Drink	🥥	coconut	coconut|colada|palm|piña	5.0	
Food & Drink	🥑	avocado	avocado|food|fruit	3.0	
Food & Drink	🍆	eggplant	aubergine|eggplant|vegetable	0.6	
Food & Drink	🥔	potato	food|potato|vegetable	3.0	
Food & Drink	🥕	carrot	carrot|food|vegetable	3.0	
Food & Drink	🌽	ear of corn	corn|crops|ear|farm|maize|maze	0.6	
Food & Drink	🌶️	hot pepper	hot|pepper	0.7	
Food & Drink	🫑	bell pepper	bell|capsicum|food|pepper|vegetable	13.0	
Food & Drink	🥒	cucumber	cucumber|food|pickle|vegetable	3.0	
Food & Drink	🫝	pickle		18.0	
Food & Drink	🥬	leafy green	bok|burgers|cabbage|choy|green|kale|leafy|lettuce|salad	11.0	
Food & Drink	🥦	broccoli	broccoli|cabbage|wild	5.0	
Food & Drink	🧄	garlic	flavoring|garlic	12.0	
Food & Drink	🧅	onion	flavoring|onion	12.0	
Food & Drink	🥜	peanuts	food|nut|peanut|peanuts|vegetable	3.0	
Food & Drink	🫘	beans	beans|food|kidney|legume|small	14.0	
Food & Drink	🌰	chestnut	almond|chestnut|plant	0.6	
Food & Drink	🫚	ginger root	beer|ginger|health|herb|natural|root|spice	15.0	
Food & Drink	🫛	pea pod	beans|beanstalk|edamame|legume|pea|pod|soybean|vegetable|veggie	15.0	
Food & Drink	🍄‍🟫	brown mushroom	food|fungi|fungus|mushroom|nature|pizza|portobello|shiitake|shroom|spore|sprout|toppings|truffle|vegetable|vegetarian|veggie	15.1	
Food & Drink	🫜	root vegetable	beet|food|garden|radish|root|salad|turnip|vegetable|vegetarian	16.0	
Food & Drink	🍞	bread	bread|carbs|food|grain|loaf|restaurant|toast|wheat	0.6	
Food & Drink	🥐	croissant	bread|breakfast|crescent|croissant|food|french|roll	3.0	
Food & Drink	🥖	baguette bread	baguette|bread|food|french	3.0	
Food & Drink	🫓	flatbread	arepa|bread|flatbread|food|gordita|lavash|naan|pita	13.0	
Food & Drink	🥨	pretzel	convoluted|pretzel|twisted	5.0	
Food & Drink	🥯	bagel	bagel|bakery|bread|breakfast|schmear	11.0	
Food & Drink	🥞	pancakes	breakfast|crêpe|food|hotcake|pancake|pancakes	3.0	
Food & Drink	🧇	waffle	breakfast|indecisive|iron|waffle	12.0	
Food & Drink	🧀	cheese wedge	cheese|wedge	1.0	
Food & Drink	🍖	meat on bone	bone|meat	0.6	
Food & Drink	🍗	poultry leg	bone|chicken|drumstick|hungry|leg|poultry|turkey	0.6	
Food & Drink	🥩	cut of meat	chop|cut|lambchop|meat|porkchop|red|steak	5.0	
Food & Drink	🥓	bacon	bacon|breakfast|food|meat	3.0	
Food & Drink	🍔	hamburger	burger|eat|fast|food|hamburger|hungry	0.6	
Food & Drink	🍟	french fries	fast|food|french|fries	0.6	
Food & Drink	🍕	pizza	cheese|food|hungry|pepperoni|pizza|slice	0.6	
Food & Drink	🌭	hot dog	dog|frankfurter|hot|hotdog|sausage	1.0	
Food & Drink	🥪	sandwich	bread|sandwich	5.0	
Food & Drink	🌮	taco	mexican|taco	1.0	
Food & Drink	🌯	burrito	burrito|mexican|wrap	1.0	
Food & Drink	🫔	tamale	food|mexican|pamonha|tamale|wrapped	13.0	
Food & Drink	🥙	stuffed flatbread	falafel|flatbread|food|gyro|kebab|stuffed	3.0	
Food & Drink	🧆	falafel	chickpea|falafel|meatball	12.0	
Food & Drink	🥚	egg	breakfast|egg|food	3.0	
Food & Drink	🍳	cooking	breakfast|cooking|easy|egg|fry|frying|over|pan|restaurant|side|sunny|up	0.6	
Food & Drink	🥘	shallow pan of food	casserole|food|paella|pan|shallow	3.0	
Food & Drink	🍲	pot of food	food|pot|soup|stew	0.6	
Food & Drink	🫕	fondue	cheese|chocolate|fondue|food|melted|pot|ski	13.0	
Food & Drink	🥣	bowl with spoon	bowl|breakfast|cereal|congee|oatmeal|porridge|spoon	5.0	
Food & Drink	🥗	green salad	food|green|salad	3.0	
Food & Drink	🍿	popcorn	corn|movie|pop|popcorn	1.0	
Food & Drink	🧈	butter	butter|dairy	12.0	
Food & Drink	🧂	salt	condiment|flavor|mad|salt|salty|shaker|taste|upset	11.0	
Food & Drink	🥫	canned food	can|canned|food	5.0	
Food & Drink	🍱	bento box	bento|box|food	0.6	
Food & Drink	🍘	rice cracker	cracker|food|rice	0.6	
Food & Drink	🍙	rice ball	ball|food|Japanese|rice	0.6	
Food & Drink	🍚	cooked rice	cooked|food|rice	0.6	
Food & Drink	🍛	curry rice	curry|food|rice	0.6	
Food & Drink	🍜	steaming bowl	bowl|chopsticks|food|noodle|pho|ramen|soup|steaming	0.6	
Food & Drink	🍝	spaghetti	food|meatballs|pasta|restaurant|spaghetti	0.6	
Food & Drink	🍠	roasted sweet potato	food|potato|roasted|sweet	0.6	
Food & Drink	🍢	oden	food|kebab|oden|restaurant|seafood|skewer|stick	0.6	
Food & Drink	🍣	sushi	food|sushi	0.6	
Food & Drink	🍤	fried shrimp	fried|prawn|shrimp|tempura	0.6	
Food & Drink	🍥	fish cake with swirl	cake|fish|food|pastry|restaurant|swirl	0.6	
Food & Drink	🥮	moon cake	autumn|cake|festival|moon|yuèbǐng	11.0	
Food & Drink	🍡	dango	dango|dessert|Japanese|skewer|stick|sweet	0.6	
Food & Drink	🥟	dumpling	dumpling|empanada|gyōza|jiaozi|pierogi|potsticker	5.0	
Food & Drink	🥠	fortune cookie	cookie|fortune|prophecy	5.0	
Food & Drink	🥡	takeout box	box|chopsticks|delivery|food|oyster|pail|takeout	5.0	
Food & Drink	🍦	soft ice cream	cream|dessert|food|ice|icecream|restaurant|serve|soft|sweet	0.6	
Food & Drink	🍧	shaved ice	dessert|ice|restaurant|shaved|sweet	0.6	
Food & Drink	🍨	ice cream	cream|dessert|food|ice|restaurant|sweet	0.6	
Food & Drink	🍩	doughnut	breakfast|dessert|donut|doughnut|food|sweet	0.6	
Food & Drink	🍪	cookie	chip|chocolate|cookie|dessert|sweet	0.6	
Food & Drink	🎂	birthday cake	bday|birthday|cake|celebration|dessert|happy|pastry|sweet	0.6	
Food & Drink	🍰	shortcake	cake|dessert|pastry|shortcake|slice|sweet	0.6	
Food & Drink	🧁	cupcake	bakery|cupcake|dessert|sprinkles|sugar|sweet|treat	11.0	
Food & Drink	🥧	pie	apple|filling|fruit|meat|pastry|pie|pumpkin|slice	5.0	
Food & Drink	🍫	chocolate bar	bar|candy|chocolate|dessert|halloween|sweet|tooth	0.6	
Food & Drink	🍬	candy	candy|cavities|dessert|halloween|restaurant|sweet|tooth|wrapper	0.6	
Food & Drink	🍭	lollipop	candy|dessert|food|lollipop|restaurant|sweet	0.6	
Food & Drink	🍮	custard	custard|dessert|pudding|sweet	0.6	
Food & Drink	🍯	honey pot	barrel|bear|food|honey|honeypot|jar|pot|sweet	0.6	
Food & Drink	🍼	baby bottle	babies|baby|birth|born|bottle|drink|infant|milk|newborn	1.0	
Food & Drink	🥛	glass of milk	drink|glass|milk	3.0	
Food & Drink	☕	hot beverage	beverage|cafe|caffeine|chai|coffee|drink|hot|morning|steaming|tea	0.6	
Food & Drink	🫖	teapot	brew|drink|food|pot|tea|teapot	13.0	
Food & Drink	🍵	teacup without handle	beverage|cup|drink|handle|oolong|tea|teacup	0.6	
Food & Drink	🍶	sake	bar|beverage|bottle|cup|drink|restaurant|sake	0.6	
Food & Drink	🍾	bottle with popping cork	bar|bottle|cork|drink|popping	1.0	
Food & Drink	🍷	wine glass	alcohol|bar|beverage|booze|club|drink|drinking|drinks|glass|restaurant|wine	0.6	
Food & Drink	🍸	cocktail glass	alcohol|bar|booze|club|cocktail|drink|drinking|drinks|glass|mad|martini|men	0.6	
Food & Drink	🍹	tropical drink	alcohol|bar|booze|club|cocktail|drink|drinking|drinks|drunk|mai|party|tai|tropical|tropics	0.6	
Food & Drink	🍺	beer mug	alcohol|ale|bar|beer|booze|drink|drinking|drinks|mug|octoberfest|oktoberfest|pint|stein|summer	0.6	
Food & Drink	🍻	clinking beer mugs	alcohol|bar|beer|booze|bottoms|cheers|clink|clinking|drinking|drinks|mugs	0.6	
Food & Drink	🥂	clinking glasses	celebrate|clink|clinking|drink|glass|glasses	3.0	
Food & Drink	🥃	tumbler glass	glass|liquor|scotch|shot|tumbler|whiskey|whisky	3.0	
Food & Drink	🫗	pouring liquid	accident|drink|empty|glass|liquid|oops|pour|pouring|spill|water	14.0	
Food & Drink	🥤	cup with straw	cup|drink|juice|malt|soda|soft|straw|water	5.0	
Food & Drink	🧋	bubble tea	boba|bubble|food|milk|pearl|tea	13.0	
Food & Drink	🧃	beverage box	beverage|box|juice|straw|sweet	12.0	
Food & Drink	🧉	mate	drink|mate	12.0	
Food & Drink	🧊	ice	cold|cube|ice|iceberg	12.0	
Food & Drink	🥢	chopsticks	chopsticks|hashi|jeotgarak|kuaizi	5.0	
Food & Drink	🍽️	fork and knife with plate	cooking|dinner|eat|fork|knife|plate	0.7	
Food & Drink	🍴	fork and knife	breakfast|breaky|cooking|cutlery|delicious|dinner|eat|feed|food|fork|hungry|knife|lunch|restaurant|yum|yummy	0.6	
Food & Drink	🥄	spoon	eat|spoon|tableware	3.0	
Food & Drink	🔪	kitchen knife	chef|cooking|hocho|kitchen|knife|tool|weapon	0.6	
Food & Drink	🫙	jar	condiment|container|empty|jar|nothing|sauce|store	14.0	
Food & Drink	🏺	amphora	amphora|Aquarius|cooking|drink|jug|tool|weapon|zodiac	1.0	
Travel & Places	🌍	globe showing Europe-Africa	Africa|earth|Europe|Europe-Africa|globe|showing|world	0.7	
Travel & Places	🌎	globe showing Americas	Americas|earth|globe|showing|world	0.7	
Travel & Places	🌏	globe showing Asia-Australia	Asia|Asia-Australia|Australia|earth|globe|showing|world	0.6	
Travel & Places	🌐	globe with meridians	earth|globe|internet|meridians|web|world|worldwide	1.0	
Travel & Places	🗺️	world map	map|world	0.7	
Travel & Places	🗾	map of Japan	Japan|map	0.6	
Travel & Places	🧭	compass	compass|direction|magnetic|navigation|orienteering	11.0	
Travel & Places	🏔️	snow-capped mountain	cold|mountain|snow|snow-capped	0.7	
Travel & Places	⛰️	mountain	mountain	0.7	
Travel & Places	🛘	landslide	avalanche|danger|disaster|earthquake|mountain|mudslide|rocks	17.0	
Travel & Places	🌋	volcano	eruption|mountain|nature|volcano	0.6	
Travel & Places	🗻	mount fuji	fuji|mount|mountain|nature	0.6	
Travel & Places	🏕️	camping	camping	0.7	
Travel & Places	🏖️	beach with umbrella	beach|umbrella	0.7	
Travel & Places	🏜️	desert	desert	0.7	
Travel & Places	🏝️	desert island	desert|island	0.7	
Travel & Places	🏞️	national park	national|park	0.7	
Travel & Places	🏟️	stadium	stadium	0.7	
Travel & Places	🏛️	classical building	building|classical	0.7	
Travel & Places	🏗️	building construction	building|construction|crane	0.7	
Travel & Places	🧱	brick	brick|bricks|clay|mortar|wall	11.0	
Travel & Places	🪨	rock	boulder|heavy|rock|solid|stone|tough	13.0	
Travel & Places	🪵	wood	log|lumber|timber|wood	13.0	
Travel & Places	🛖	hut	home|house|hut|roundhouse|shelter|yurt	13.0	
Travel & Places	🏘️	houses	house|houses	0.7	
Travel & Places	🏚️	derelict house	derelict|home|house	0.7	
Travel & Places	🏠	house	building|country|heart|home|house|ranch|settle|simple|suburban|suburbia|where	0.6	
Travel & Places	🏡	house with garden	building|country|garden|heart|home|house|ranch|settle|simple|suburban|suburbia|where	0.6	
Travel & Places	🏢	office building	building|city|cubical|job|office	0.6	
Travel & Places	🏣	Japanese post office	building|Japanese|office|post	0.6	
Travel & Places	🏤	post office	building|European|office|post	1.0	
Travel & Places	🏥	hospital	building|doctor|hospital|medicine	0.6	
Travel & Places	🏦	bank	bank|building	0.6	
Travel & Places	🏨	hotel	building|hotel	0.6	
Travel & Places	🏩	love hotel	building|hotel|love	0.6	
Travel & Places	🏪	convenience store	24|building|convenience|hours|store	0.6	
Travel & Places	🏫	school	building|school	0.6	
Travel & Places	🏬	department store	building|department|store	0.6	
Travel & Places	🏭	factory	building|factory	0.6	
Travel & Places	🏯	Japanese castle	building|castle|Japanese	0.6	
Travel & Places	🏰	castle	building|castle|European	0.6	
Travel & Places	💒	wedding	chapel|hitched|nuptials|romance|wedding	0.6	
Travel & Places	🗼	Tokyo tower	Tokyo|tower	0.6	
Travel & Places	🗽	Statue of Liberty	liberty|Liberty|new|ny|nyc|statue|Statue|york	0.6	
Travel & Places	⛪	church	bless|chapel|Christian|church|cross|religion	0.6	
Travel & Places	🕌	mosque	islam|masjid|mosque|Muslim|religion	1.0	
Travel & Places	🛕	hindu temple	hindu|temple	12.0	
Travel & Places	🕍	synagogue	Jew|Jewish|judaism|religion|synagogue|temple	1.0	
Travel & Places	⛩️	shinto shrine	religion|shinto|shrine	0.7	
Travel & Places	🕋	kaaba	hajj|islam|kaaba|Muslim|religion|umrah	1.0	
Travel & Places	⛲	fountain	fountain	0.6	
Travel & Places	⛺	tent	camping|tent	0.6	
Travel & Places	🌁	foggy	fog|foggy	0.6	
Travel & Places	🌃	night with stars	night|star|stars	0.6	
Travel & Places	🏙️	cityscape	city|cityscape	0.7	
Travel & Places	🌄	sunrise over mountains	morning|mountains|over|sun|sunrise	0.6	
Travel & Places	🌅	sunrise	morning|nature|sun|sunrise	0.6	
Travel & Places	🌆	cityscape at dusk	at|building|city|cityscape|dusk|evening|landscape|sun|sunset	0.6	
Travel & Places	🌇	sunset	building|dusk|sun|sunset	0.6	
Travel & Places	🌉	bridge at night	at|bridge|night	0.6	
Travel & Places	♨️	hot springs	hot|hotsprings|springs|steaming	0.6	
Travel & Places	🎠	carousel horse	carousel|entertainment|horse	0.6	
Travel & Places	🛝	playground slide	amusement|park|play|playground|playing|slide|sliding|theme	14.0	
Travel & Places	🎡	ferris wheel	amusement|ferris|park|theme|wheel	0.6	
Travel & Places	🎢	roller coaster	amusement|coaster|park|roller|theme	0.6	
Travel & Places	💈	barber pole	barber|cut|fresh|haircut|pole|shave	0.6	
Travel & Places	🎪	circus tent	circus|tent	0.6	
Travel & Places	🚂	locomotive	caboose|engine|locomotive|railway|steam|train|trains|travel	1.0	
Travel & Places	🚃	railway car	car|electric|railway|train|tram|travel|trolleybus	0.6	
Travel & Places	🚄	high-speed train	high-speed|railway|shinkansen|speed|train	0.6	
Travel & Places	🚅	bullet train	bullet|high-speed|nose|railway|shinkansen|speed|train|travel	0.6	
Travel & Places	🚆	train	arrived|choo|railway|train	1.0	
Travel & Places	🚇	metro	metro|subway|travel	0.6	
Travel & Places	🚈	light rail	arrived|light|monorail|rail|railway	1.0	
Travel & Places	🚉	station	railway|station|train	0.6	
Travel & Places	🚊	tram	tram|trolleybus	1.0	
Travel & Places	🚝	monorail	monorail|vehicle	1.0	
Travel & Places	🚞	mountain railway	car|mountain|railway|trip	1.0	
Travel & Places	🚋	tram car	bus|car|tram|trolley|trolleybus	1.0	
Travel & Places	🚌	bus	bus|school|vehicle	0.6	
Travel & Places	🚍	oncoming bus	bus|cars|oncoming	0.7	
Travel & Places	🚎	trolleybus	bus|tram|trolley|trolleybus	1.0	
Travel & Places	🚐	minibus	bus|drive|minibus|van|vehicle	1.0	
Travel & Places	🚑	ambulance	ambulance|emergency|vehicle	0.6	
Travel & Places	🚒	fire engine	engine|fire|truck	0.6	
Travel & Places	🚓	police car	5–0|car|cops|patrol|police	0.6	
Travel & Places	🚔	oncoming police car	car|oncoming|police	0.7	
Travel & Places	🚕	taxi	cab|cabbie|car|drive|taxi|vehicle|yellow	0.6	
Travel & Places	🚖	oncoming taxi	cab|cabbie|cars|drove|hail|oncoming|taxi|yellow	1.0	
Travel & Places	🚗	automobile	automobile|car|driving|vehicle	0.6	
Travel & Places	🚘	oncoming automobile	automobile|car|cars|drove|oncoming|vehicle	0.7	
Travel & Places	🚙	sport utility vehicle	car|drive|recreational|sport|sportutility|utility|vehicle	0.6	
Travel & Places	🛻	pickup truck	automobile|car|flatbed|pick-up|pickup|transportation|truck	13.0	
Travel & Places	🚚	delivery truck	car|delivery|drive|truck|vehicle	0.6	
Travel & Places	🚛	articulated lorry	articulated|car|drive|lorry|move|semi|truck|vehicle	1.0	
Travel & Places	🚜	tractor	tractor|vehicle	1.0	
Travel & Places	🏎️	racing car	car|racing|zoom	0.7	
Travel & Places	🏍️	motorcycle	motorcycle|racing	0.7	
Travel & Places	🛵	motor scooter	motor|scooter	3.0	
Travel & Places	🦽	manual wheelchair	accessibility|manual|wheelchair	12.0	
Travel & Places	🦼	motorized wheelchair	accessibility|motorized|wheelchair	12.0	
Travel & Places	🛺	auto rickshaw	auto|rickshaw|tuk	12.0	
Travel & Places	🚲	bicycle	bicycle|bike|class|cycle|cycling|cyclist|gang|ride|spin|spinning	0.6	
Travel & Places	🛴	kick scooter	kick|scooter	3.0	
Travel & Places	🛹	skateboard	board|skate|skateboard|skater|wheels	11.0	
Travel & Places	🛼	roller skate	blades|roller|skate|skates|sport	13.0	
Travel & Places	🚏	bus stop	bus|busstop|stop	0.6	
Travel & Places	🛣️	motorway	highway|motorway|road	0.7	
Travel & Places	🛤️	railway track	railway|track|train	0.7	
Travel & Places	🛢️	oil drum	drum|oil	0.7	
Travel & Places	⛽	fuel pump	diesel|fuel|fuelpump|gas|gasoline|pump|station	0.6	
Travel & Places	🛞	wheel	car|circle|tire|turn|vehicle|wheel	14.0	
Travel & Places	🚨	police car light	alarm|alert|beacon|car|emergency|light|police|revolving|siren	0.6	
Travel & Places	🚥	horizontal traffic light	horizontal|intersection|light|signal|stop|stoplight|traffic	0.6	
Travel & Places	🚦	vertical traffic light	drove|intersection|light|signal|stop|stoplight|traffic|vertical	1.0	
Travel & Places	🛑	stop sign	octagonal|sign|stop	3.0	
Travel & Places	🚧	construction	barrier|construction	0.6	
Travel & Places	🛙	lighthouse		18.0	
Travel & Places	⚓	anchor	anchor|ship|tool	0.6	
Travel & Places	🛟	ring buoy	buoy|float|life|lifesaver|preserver|rescue|ring|safety|save|saver|swim	14.0	
Travel & Places	⛵	sailboat	boat|resort|sailboat|sailing|sea|yacht	0.6	
Travel & Places	🛶	canoe	boat|canoe	3.0	
Travel & Places	🚤	speedboat	billionaire|boat|lake|luxury|millionaire|speedboat|summer|travel	0.6	
Travel & Places	🛳️	passenger ship	passenger|ship	0.7	
Travel & Places	⛴️	ferry	boat|ferry|passenger	0.7	
Travel & Places	🛥️	motor boat	boat|motor|motorboat	0.7	
Travel & Places	🚢	ship	boat|passenger|ship|travel	0.6	
Travel & Places	✈️	airplane	aeroplane|airplane|fly|flying|jet|plane|travel	0.6	
Travel & Places	🛩️	small airplane	aeroplane|airplane|plane|small	0.7	
Travel & Places	🛫	airplane departure	aeroplane|airplane|check-in|departure|departures|plane	1.0	
Travel & Places	🛬	airplane arrival	aeroplane|airplane|arrival|arrivals|arriving|landing|plane	1.0	
Travel & Places	🪂	parachute	hang-glide|parachute|parasail|skydive	12.0	
Travel & Places	💺	seat	chair|seat	0.6	
Travel & Places	🚁	helicopter	copter|helicopter|roflcopter|travel|vehicle	1.0	
Travel & Places	🚟	suspension railway	railway|suspension	1.0	
Travel & Places	🚠	mountain cableway	cable|cableway|gondola|lift|mountain|ski	1.0	
Travel & Places	🚡	aerial tramway	aerial|cable|car|gondola|ropeway|tramway	1.0	
Travel & Places	🛰️	satellite	satellite|space	0.7	
Travel & Places	🚀	rocket	launch|rocket|rockets|space|travel	0.6	
Travel & Places	🛸	flying saucer	aliens|extra|flying|saucer|terrestrial|UFO	5.0	
Travel & Places	🛎️	bellhop bell	bell|bellhop|hotel	0.7	
Travel & Places	🧳	luggage	bag|luggage|packing|roller|suitcase|travel	11.0	
Travel & Places	⌛	hourglass done	done|hourglass|sand|time|timer	0.6	
Travel & Places	⏳	hourglass not done	done|flowing|hourglass|hours|not|sand|timer|waiting|yolo	0.6	
Travel & Places	⌚	watch	clock|time|watch	0.6	
Travel & Places	⏰	alarm clock	alarm|clock|hours|hrs|late|time|waiting	0.6	
Travel & Places	⏱️	stopwatch	clock|stopwatch|time	1.0	
Travel & Places	⏲️	timer clock	clock|timer	1.0	
Travel & Places	🕰️	mantelpiece clock	clock|mantelpiece|time	0.7	
Travel & Places	🕛	twelve o’clock	12|12:00|clock|o’clock|time|twelve	0.6	
Travel & Places	🕧	twelve-thirty	12|12:30|30|clock|thirty|time|twelve|twelve-thirty	0.7	
Travel & Places	🕐	one o’clock	1|1:00|clock|o’clock|one|time	0.6	
Travel & Places	🕜	one-thirty	1|1:30|30|clock|one|one-thirty|thirty|time	0.7	
Travel & Places	🕑	two o’clock	2|2:00|clock|o’clock|time|two	0.6	
Travel & Places	🕝	two-thirty	2|2:30|30|clock|thirty|time|two|two-thirty	0.7	
Travel & Places	🕒	three o’clock	3|3:00|clock|o’clock|three|time	0.6	
Travel & Places	🕞	three-thirty	3|3:30|30|clock|thirty|three|three-thirty|time	0.7	
Travel & Places	🕓	four o’clock	4|4:00|clock|four|o’clock|time	0.6	
Travel & Places	🕟	four-thirty	30|4|4:30|clock|four|four-thirty|thirty|time	0.7	
Travel & Places	🕔	five o’clock	5|5:00|clock|five|o’clock|time	0.6	
Travel & Places	🕠	five-thirty	30|5|5:30|clock|five|five-thirty|thirty|time	0.7	
Travel & Places	🕕	six o’clock	6|6:00|clock|o’clock|six|time	0.6	
Travel & Places	🕡	six-thirty	30|6|6:30|clock|six|six-thirty|thirty	0.7	
Travel & Places	🕖	seven o’clock	0|7|7:00|clock|o’clock|seven	0.6	
Travel & Places	🕢	seven-thirty	30|7|7:30|clock|seven|seven-thirty|thirty	0.7	
Travel & Places	🕗	eight o’clock	8|8:00|clock|eight|o’clock|time	0.6	
Travel & Places	🕣	eight-thirty	30|8|8:30|clock|eight|eight-thirty|thirty|time	0.7	
Travel & Places	🕘	nine o’clock	9|9:00|clock|nine|o’clock|time	0.6	
Travel & Places	🕤	nine-thirty	30|9|9:30|clock|nine|nine-thirty|thirty|time	0.7	
Travel & Places	🕙	ten o’clock	0|10|10:00|clock|o’clock|ten	0.6	
Travel & Places	🕥	ten-thirty	10|10:30|30|clock|ten|ten-thirty|thirty|time	0.7	
Travel & Places	🕚	eleven o’clock	11|11:00|clock|eleven|o’clock|time	0.6	
Travel & Places	🕦	eleven-thirty	11|11:30|30|clock|eleven|eleven-thirty|thirty|time	0.7	
Travel & Places	🌑	new moon	dark|moon|new|space	0.6	
Travel & Places	🌒	waxing crescent moon	crescent|dreams|moon|space|waxing	1.0	
Travel & Places	🌓	first quarter moon	first|moon|quarter|space	0.6	
Travel & Places	🌔	waxing gibbous moon	gibbous|moon|space|waxing	0.6	
Travel & Places	🌕	full moon	full|moon|space	0.6	
Travel & Places	🌖	waning gibbous moon	gibbous|moon|space|waning	1.0	
Travel & Places	🌗	last quarter moon	last|moon|quarter|space	1.0	
Travel & Places	🌘	waning crescent moon	crescent|moon|space|waning	1.0	
Travel & Places	🌙	crescent moon	crescent|moon|ramadan|space	0.6	
Travel & Places	🌚	new moon face	face|moon|new|space	1.0	
Travel & Places	🌛	first quarter moon face	face|first|moon|quarter|space	0.6	
Travel & Places	🌜	last quarter moon face	dreams|face|last|moon|quarter	0.7	
Travel & Places	🌡️	thermometer	thermometer|weather	0.7	
Travel & Places	☀️	sun	bright|rays|space|sun|sunny|weather	0.6	
Travel & Places	🌝	full moon face	bright|face|full|moon	1.0	
Travel & Places	🌞	sun with face	beach|bright|day|face|heat|shine|sun|sunny|sunshine|weather	1.0	
Travel & Places	🪐	ringed planet	planet|ringed|saturn|saturnine	12.0	
Travel & Places	⭐	star	astronomy|medium|star|stars|white	0.6	
Travel & Places	🌟	glowing star	glittery|glow|glowing|night|shining|sparkle|star|win	0.6	
Travel & Places	🌠	shooting star	falling|night|shooting|space|star	0.6	
Travel & Places	🌌	milky way	milky|space|way	0.6	
Travel & Places	☁️	cloud	cloud|weather	0.6	
Travel & Places	⛅	sun behind cloud	behind|cloud|cloudy|sun|weather	0.6	
Travel & Places	⛈️	cloud with lightning and rain	cloud|lightning|rain|thunder|thunderstorm	0.7	
Travel & Places	🌤️	sun behind small cloud	behind|cloud|sun|weather	0.7	
Travel & Places	🌥️	sun behind large cloud	behind|cloud|sun|weather	0.7	
Travel & Places	🌦️	sun behind rain cloud	behind|cloud|rain|sun|weather	0.7	
Travel & Places	🌧️	cloud with rain	cloud|rain|weather	0.7	
Travel & Places	🌨️	cloud with snow	cloud|cold|snow|weather	0.7	
Travel & Places	🌩️	cloud with lightning	cloud|lightning|weather	0.7	
Travel & Places	🌪️	tornado	cloud|tornado|weather|whirlwind	0.7	
Travel & Places	🌫️	fog	cloud|fog|weather	0.7	
Travel & Places	🌬️	wind face	blow|cloud|face|wind	0.7	
Travel & Places	🌀	cyclone	cyclone|dizzy|hurricane|twister|typhoon|weather	0.6	
Travel & Places	🌈	rainbow	gay|genderqueer|glbt|glbtq|lesbian|lgbt|lgbtq|lgbtqia|nature|pride|queer|rain|rainbow|trans|transgender|weather	0.6	
Travel & Places	🌂	closed umbrella	closed|clothing|rain|umbrella	0.6	
Travel & Places	☂️	umbrella	clothing|rain|umbrella	0.7	
Travel & Places	☔	umbrella with rain drops	clothing|drop|drops|rain|umbrella|weather	0.6	
Travel & Places	⛱️	umbrella on ground	ground|rain|sun|umbrella	0.7	
Travel & Places	⚡	high voltage	danger|electric|electricity|high|lightning|nature|thunder|thunderbolt|voltage|zap	0.6	
Travel & Places	❄️	snowflake	cold|snow|snowflake|weather	0.6	
Travel & Places	☃️	snowman	cold|man|snow|snowman	0.7	
Travel & Places	⛄	snowman without snow	cold|man|snow|snowman	0.6	
Travel & Places	☄️	comet	comet|space	1.0	
Travel & Places	🪋	meteor		18.0	
Travel & Places	🔥	fire	af|burn|fire|flame|hot|lit|litaf|tool	0.6	
Travel & Places	💧	droplet	cold|comic|drop|droplet|nature|sad|sweat|tear|water|weather	0.6	
Travel & Places	🌊	water wave	nature|ocean|surf|surfer|surfing|water|wave	0.6	
Activities	🎃	jack-o-lantern	celebration|halloween|jack|jack-o-lantern|lantern|pumpkin	0.6	
Activities	🎄	Christmas tree	celebration|Christmas|tree	0.6	
Activities	🎆	fireworks	boom|celebration|entertainment|fireworks|yolo	0.6	
Activities	🎇	sparkler	boom|celebration|fireworks|sparkle|sparkler	0.6	
Activities	🧨	firecracker	dynamite|explosive|fire|firecracker|fireworks|light|pop|popping|spark	11.0	
Activities	✨	sparkles	*|magic|sparkle|sparkles|star	0.6	
Activities	🎈	balloon	balloon|birthday|celebrate|celebration	0.6	
Activities	🎉	party popper	awesome|birthday|celebrate|celebration|excited|hooray|party|popper|tada|woohoo	0.6	
Activities	🎊	confetti ball	ball|celebrate|celebration|confetti|party|woohoo	0.6	
Activities	🎋	tanabata tree	banner|celebration|Japanese|tanabata|tree	0.6	
Activities	🎍	pine decoration	bamboo|celebration|decoration|Japanese|pine|plant	0.6	
Activities	🎎	Japanese dolls	celebration|doll|dolls|festival|Japanese	0.6	
Activities	🎏	carp streamer	carp|celebration|streamer	0.6	
Activities	🎐	wind chime	bell|celebration|chime|wind	0.6	
Activities	🎑	moon viewing ceremony	celebration|ceremony|moon|viewing	0.6	
Activities	🧧	red envelope	envelope|gift|good|hóngbāo|lai|luck|money|red|see	11.0	
Activities	🎀	ribbon	celebration|ribbon	0.6	
Activities	🎁	wrapped gift	birthday|bow|box|celebration|christmas|gift|present|surprise|wrapped	0.6	
Activities	🎗️	reminder ribbon	celebration|reminder|ribbon	0.7	
Activities	🎟️	admission tickets	admission|ticket|tickets	0.7	
Activities	🎫	ticket	admission|stub|ticket	0.6	
Activities	🎖️	military medal	award|celebration|medal|military	0.7	
Activities	🏆	trophy	champion|champs|prize|slay|sport|trophy|victory|win|winning	0.6	
Activities	🏅	sports medal	award|gold|medal|sports|winner	1.0	
Activities	🥇	1st place medal	1st|first|gold|medal|place	3.0	
Activities	🥈	2nd place medal	2nd|medal|place|second|silver	3.0	
Activities	🥉	3rd place medal	3rd|bronze|medal|place|third	3.0	
Activities	⚽	soccer ball	ball|football|futbol|soccer|sport	0.6	
Activities	⚾	baseball	ball|baseball|sport	0.6	
Activities	🥎	softball	ball|glove|softball|sports|underarm	11.0	
Activities	🏀	basketball	ball|basketball|hoop|sport	0.6	
Activities	🏐	volleyball	ball|game|volleyball	1.0	
Activities	🏈	american football	american|ball|bowl|football|sport|super	0.6	
Activities	🏉	rugby football	ball|football|rugby|sport	1.0	
Activities	🎾	tennis	ball|racquet|sport|tennis	0.6	
Activities	🥏	flying disc	disc|flying|ultimate	11.0	
Activities	🎳	bowling	ball|bowling|game|sport|strike	0.6	
Activities	🏏	cricket game	ball|bat|cricket|game	1.0	
Activities	🏑	field hockey	ball|field|game|hockey|stick	1.0	
Activities	🏒	ice hockey	game|hockey|ice|puck|stick	1.0	
Activities	🥍	lacrosse	ball|goal|lacrosse|sports|stick	11.0	
Activities	🏓	ping pong	ball|bat|game|paddle|ping|pingpong|pong|table|tennis	1.0	
Activities	🏸	badminton	badminton|birdie|game|racquet|shuttlecock	1.0	
Activities	🥊	boxing glove	boxing|glove	3.0	
Activities	🥋	martial arts uniform	arts|judo|karate|martial|taekwondo|uniform	3.0	
Activities	🥅	goal net	goal|net	3.0	
Activities	⛳	flag in hole	flag|golf|hole|sport	0.6	
Activities	⛸️	ice skate	ice|skate|skating	0.7	
Activities	🎣	fishing pole	entertainment|fish|fishing|pole|sport	0.6	
Activities	🤿	diving mask	diving|mask|scuba|snorkeling	12.0	
Activities	🎽	running shirt	athletics|running|sash|shirt	0.6	
Activities	🎿	skis	ski|skis|snow|sport	0.6	
Activities	🛷	sled	luge|sled|sledge|sleigh|snow|toboggan	5.0	
Activities	🥌	curling stone	curling|game|rock|stone	5.0	
Activities	🎯	bullseye	bull|bullseye|dart|direct|entertainment|game|hit|target	0.6	
Activities	🪀	yo-yo	fluctuate|toy|yo-yo	12.0	
Activities	🪁	kite	fly|kite|soar	12.0	
Activities	🔫	water pistol	gun|handgun|pistol|revolver|tool|water|weapon	0.6	
Activities	🎱	pool 8 ball	8|8ball|ball|billiard|eight|game|pool	0.6	
Activities	🔮	crystal ball	ball|crystal|fairy|fairytale|fantasy|fortune|future|magic|tale|tool	0.6	
Activities	🪄	magic wand	magic|magician|wand|witch|wizard	13.0	
Activities	🎮	video game	controller|entertainment|game|video	0.6	
Activities	🕹️	joystick	game|joystick|video|videogame	0.7	
Activities	🎰	slot machine	casino|gamble|gambling|game|machine|slot|slots	0.6	
Activities	🎲	game die	dice|die|entertainment|game	0.6	
Activities	🧩	puzzle piece	clue|interlocking|jigsaw|piece|puzzle	11.0	
Activities	🧸	teddy bear	bear|plaything|plush|stuffed|teddy|toy	11.0	
Activities	🪅	piñata	candy|celebrate|celebration|cinco|de|festive|mayo|party|pinada|pinata|piñata	13.0	
Activities	🪩	mirror ball	ball|dance|disco|glitter|mirror|party	14.0	
Activities	🪆	nesting dolls	babooshka|baboushka|babushka|doll|dolls|matryoshka|nesting|russia	13.0	
Activities	♠️	spade suit	card|game|spade|suit	0.6	
Activities	♥️	heart suit	card|emotion|game|heart|hearts|suit	0.6	
Activities	♦️	diamond suit	card|diamond|game|suit	0.6	
Activities	♣️	club suit	card|club|clubs|game|suit	0.6	
Activities	♟️	chess pawn	chess|dupe|expendable|pawn	11.0	
Activities	🃏	joker	card|game|joker|wildcard	0.6	
Activities	🀄	mahjong red dragon	dragon|game|mahjong|red	0.6	
Activities	🎴	flower playing cards	card|cards|flower|game|Japanese|playing	0.6	
Activities	🎭	performing arts	actor|actress|art|arts|entertainment|mask|performing|theater|theatre|thespian	0.6	
Activities	🖼️	framed picture	art|frame|framed|museum|painting|picture	0.7	
Activities	🎨	artist palette	art|artist|artsy|arty|colorful|creative|entertainment|museum|painter|painting|palette	0.6	
Activities	🧵	thread	needle|sewing|spool|string|thread	11.0	
Activities	🪡	sewing needle	embroidery|needle|sew|sewing|stitches|sutures|tailoring|thread	13.0	
Activities	🧶	yarn	ball|crochet|knit|yarn	11.0	
Activities	🪢	knot	cord|knot|rope|tangled|tie|twine|twist	13.0	
Objects	👓	glasses	clothing|eye|eyeglasses|eyewear|glasses	0.6	
Objects	🕶️	sunglasses	dark|eye|eyewear|glasses|sunglasses	0.7	
Objects	🥽	goggles	dive|eye|goggles|protection|scuba|swimming|welding	11.0	
Objects	🥼	lab coat	clothes|coat|doctor|dr|experiment|jacket|lab|scientist|white	11.0	
Objects	🦺	safety vest	emergency|safety|vest	12.0	
Objects	👔	necktie	clothing|employed|necktie|serious|shirt|tie	0.6	
Objects	👕	t-shirt	blue|casual|clothes|clothing|collar|dressed|shirt|shopping|t-shirt|tshirt|weekend	0.6	
Objects	👖	jeans	blue|casual|clothes|clothing|denim|dressed|jeans|pants|shopping|trousers|weekend	0.6	
Objects	🧣	scarf	bundle|cold|neck|scarf|up	5.0	
Objects	🧤	gloves	gloves|hand	5.0	
Objects	🧥	coat	brr|bundle|coat|cold|jacket|up	5.0	
Objects	🧦	socks	socks|stocking	5.0	
Objects	👗	dress	clothes|clothing|dress|dressed|fancy|shopping	0.6	
Objects	👘	kimono	clothing|comfortable|kimono	0.6	
Objects	🥻	sari	clothing|dress|sari	12.0	
Objects	🩱	one-piece swimsuit	bathing|one-piece|suit|swimsuit	12.0	
Objects	🩲	briefs	bathing|briefs|one-piece|suit|swimsuit|underwear	12.0	
Objects	🩳	shorts	bathing|pants|shorts|suit|swimsuit|underwear	12.0	
Objects	👙	bikini	bathing|beach|bikini|clothing|pool|suit|swim	0.6	
Objects	👚	woman’s clothes	blouse|clothes|clothing|collar|dress|dressed|lady|shirt|shopping|woman|woman’s	0.6	
Objects	🪭	folding hand fan	clack|clap|cool|cooling|dance|fan|flirt|flutter|folding|hand|hot|shy	15.0	
Objects	👛	purse	clothes|clothing|coin|dress|fancy|handbag|purse|shopping	0.6	
Objects	👜	handbag	bag|clothes|clothing|dress|handbag|lady|purse|shopping	0.6	
Objects	👝	clutch bag	bag|clothes|clothing|clutch|dress|handbag|pouch|purse	0.6	
Objects	🛍️	shopping bags	bag|bags|hotel|shopping	0.7	
Objects	🎒	backpack	backpack|backpacking|bag|bookbag|education|rucksack|satchel|school	0.6	
Objects	🩴	thong sandal	beach|flip|flop|sandal|sandals|shoe|thong|thongs|zōri	13.0	
Objects	👞	man’s shoe	brown|clothes|clothing|feet|foot|kick|man|man’s|shoe|shoes|shopping	0.6	
Objects	👟	running shoe	athletic|clothes|clothing|fast|kick|running|shoe|shoes|shopping|sneaker|tennis	0.6	
Objects	🥾	hiking boot	backpacking|boot|brown|camping|hiking|outdoors|shoe	11.0	
Objects	🥿	flat shoe	ballet|comfy|flat|flats|shoe|slip-on|slipper	11.0	
Objects	👠	high-heeled shoe	clothes|clothing|dress|fashion|heel|heels|high-heeled|shoe|shoes|shopping|stiletto|woman	0.6	
Objects	👡	woman’s sandal	clothing|sandal|shoe|woman|woman’s	0.6	
Objects	🩰	ballet shoes	ballet|dance|shoes	12.0	
Objects	👢	woman’s boot	boot|clothes|clothing|dress|shoe|shoes|shopping|woman|woman’s	0.6	
Objects	🪮	hair pick	Afro|comb|groom|hair|pick	15.0	
Objects	👑	crown	clothing|crown|family|king|medieval|queen|royal|royalty|win	0.6	
Objects	👒	woman’s hat	clothes|clothing|garden|hat|hats|party|woman|woman’s	0.6	
Objects	🎩	top hat	clothes|clothing|fancy|formal|hat|magic|top|tophat	0.6	
Objects	🎓	graduation cap	cap|celebration|clothing|education|graduation|hat|scholar	0.6	
Objects	🧢	billed cap	baseball|bent|billed|cap|dad|hat	5.0	
Objects	🪖	military helmet	army|helmet|military|soldier|war|warrior	13.0	
Objects	⛑️	rescue worker’s helmet	aid|cross|face|hat|helmet|rescue|worker’s	0.7	
Objects	📿	prayer beads	beads|clothing|necklace|prayer|religion	1.0	
Objects	💄	lipstick	cosmetics|date|lipstick|makeup	0.6	
Objects	💍	ring	diamond|engaged|engagement|married|ring|romance|shiny|sparkling|wedding	0.6	
Objects	💎	gem stone	diamond|engagement|gem|jewel|money|romance|stone|wedding	0.6	
Objects	🔇	muted speaker	mute|muted|quiet|silent|sound|speaker	1.0	
Objects	🔈	speaker low volume	low|soft|sound|speaker|volume	0.7	
Objects	🔉	speaker medium volume	medium|sound|speaker|volume	1.0	
Objects	🔊	speaker high volume	high|loud|music|sound|speaker|volume	0.6	
Objects	📢	loudspeaker	address|communication|loud|loudspeaker|public|sound	0.6	
Objects	📣	megaphone	cheering|megaphone|sound	0.6	
Objects	📯	postal horn	horn|post|postal	1.0	
Objects	🔔	bell	bell|break|church|sound	0.6	
Objects	🔕	bell with slash	bell|forbidden|mute|no|not|prohibited|quiet|silent|slash|sound	1.0	
Objects	🎼	musical score	music|musical|note|score	0.6	
Objects	🎵	musical note	music|musical|note|sound	0.6	
Objects	🎶	musical notes	music|musical|note|notes|sound	0.6	
Objects	🎙️	studio microphone	mic|microphone|music|studio	0.7	
Objects	🎚️	level slider	level|music|slider	0.7	
Objects	🎛️	control knobs	control|knobs|music	0.7	
Objects	🎤	microphone	karaoke|mic|microphone|music|sing|sound	0.6	
Objects	🎧	headphone	earbud|headphone|sound	0.6	
Objects	📻	radio	entertainment|radio|tbt|video	0.6	
Objects	🎷	saxophone	instrument|music|sax|saxophone	0.6	
Objects	🎺	trumpet	instrument|music|trumpet	0.6	
Objects	🪊	trombone	brass|instrument|jazz|music|sad|slide	17.0	
Objects	🪗	accordion	accordion|box|concertina|instrument|music|squeeze|squeezebox	13.0	
Objects	🎸	guitar	guitar|instrument|music|strat	0.6	
Objects	🎹	musical keyboard	instrument|keyboard|music|musical|piano	0.6	
Objects	🎻	violin	instrument|music|violin	0.6	
Objects	🪕	banjo	banjo|music|stringed	12.0	
Objects	🥁	drum	drum|drumsticks|music	3.0	
Objects	🪘	long drum	beat|conga|drum|instrument|long|rhythm	13.0	
Objects	🪇	maracas	cha|dance|instrument|maracas|music|party|percussion|rattle|shake|shaker	15.0	
Objects	🪈	flute	band|fife|flautist|flute|instrument|marching|music|orchestra|piccolo|pipe|recorder|woodwind	15.0	
Objects	🪉	harp	cupid|harp|instrument|love|music|orchestra	16.0	
Objects	📱	mobile phone	cell|communication|mobile|phone|telephone	0.6	
Objects	📲	mobile phone with arrow	arrow|build|call|cell|communication|mobile|phone|receive|telephone	0.6	
Objects	☎️	telephone	phone|telephone	0.6	
Objects	📞	telephone receiver	communication|phone|receiver|telephone|voip	0.6	
Objects	📟	pager	communication|pager	0.6	
Objects	📠	fax machine	communication|fax|machine	0.6	
Objects	🔋	battery	battery	0.6	
Objects	🪫	low battery	battery|drained|electronic|energy|low|power	14.0	
Objects	🔌	electric plug	electric|electricity|plug	0.6	
Objects	💻	laptop	computer|laptop|office|pc|personal	0.6	
Objects	🖥️	desktop computer	computer|desktop|monitor	0.7	
Objects	🖨️	printer	computer|printer	0.7	
Objects	⌨️	keyboard	computer|keyboard	1.0	
Objects	🖱️	computer mouse	computer|mouse	0.7	
Objects	🖲️	trackball	computer|trackball	0.7	
Objects	💽	computer disk	computer|disk|minidisk|optical	0.6	
Objects	💾	floppy disk	computer|disk|floppy	0.6	
Objects	💿	optical disk	blu-ray|CD|computer|disk|dvd|optical	0.6	
Objects	📀	dvd	Blu-ray|cd|computer|disk|DVD|optical	0.6	
Objects	🧮	abacus	abacus|calculation|calculator	11.0	
Objects	🎥	movie camera	bollywood|camera|cinema|film|hollywood|movie|record	0.6	
Objects	🎞️	film frames	cinema|film|frames|movie	0.7	
Objects	📽️	film projector	cinema|film|movie|projector|video	0.7	
Objects	🎬	clapper board	action|board|clapper|movie	0.6	
Objects	📺	television	television|tv|video	0.6	
Objects	📷	camera	camera|photo|selfie|snap|tbt|trip|video	0.6	
Objects	📸	camera with flash	camera|flash|video	1.0	
Objects	📹	video camera	camcorder|camera|tbt|video	0.6	
Objects	📼	videocassette	old|school|tape|vcr|vhs|video|videocassette	0.6	
Objects	🔍	magnifying glass tilted left	glass|lab|left|left-pointing|magnifying|science|search|tilted|tool	0.6	
Objects	🔎	magnifying glass tilted right	contact|glass|lab|magnifying|right|right-pointing|science|search|tilted|tool	0.6	
Objects	🕯️	candle	candle|light	0.7	
Objects	💡	light bulb	bulb|comic|electric|idea|light	0.6	
Objects	🔦	flashlight	electric|flashlight|light|tool|torch	0.6	
Objects	🏮	red paper lantern	bar|lantern|light|paper|red|restaurant	0.6	
Objects	🪔	diya lamp	diya|lamp|light|oil	12.0	
Objects	📔	notebook with decorative cover	book|cover|decorated|decorative|education|notebook|school|writing	0.6	
Objects	📕	closed book	book|closed|education	0.6	
Objects	📖	open book	book|education|fantasy|knowledge|library|novels|open|reading	0.6	
Objects	📗	green book	book|education|fantasy|green|library|reading	0.6	
Objects	📘	blue book	blue|book|education|fantasy|library|reading	0.6	
Objects	📙	orange book	book|education|fantasy|library|orange|reading	0.6	
Objects	📚	books	book|books|education|fantasy|knowledge|library|novels|reading|school|study	0.6	
Objects	📓	notebook	notebook	0.6	
Objects	📒	ledger	ledger|notebook	0.6	
Objects	📃	page with curl	curl|document|page|paper	0.6	
Objects	📜	scroll	paper|scroll	0.6	
Objects	📄	page facing up	document|facing|page|paper|up	0.6	
Objects	📰	newspaper	communication|news|newspaper|paper	0.6	
Objects	🗞️	rolled-up newspaper	news|newspaper|paper|rolled|rolled-up	0.7	
Objects	📑	bookmark tabs	bookmark|mark|marker|tabs	0.6	
Objects	🔖	bookmark	bookmark|mark	0.6	
Objects	🏷️	label	label|tag	0.7	
Objects	🪙	coin	coin|dollar|euro|gold|metal|money|rich|silver|treasure	13.0	
Objects	💰	money bag	bag|bank|bet|billion|cash|cost|dollar|gold|million|money|moneybag|paid|paying|pot|rich|win	0.6	
Objects	🪎	treasure chest	gem|gold|jewels|loot|money|prize|silver|valuables|wealth	17.0	
Objects	💴	yen banknote	bank|banknote|bill|currency|money|note|yen	0.6	
Objects	💵	dollar banknote	bank|banknote|bill|currency|dollar|money|note	0.6	
Objects	💶	euro banknote	100|bank|banknote|bill|currency|euro|money|note|rich	1.0	
Objects	💷	pound banknote	bank|banknote|bill|billion|cash|currency|money|note|pound|pounds	1.0	
Objects	💸	money with wings	bank|banknote|bill|billion|cash|dollar|fly|million|money|note|pay|wings	0.6	
Objects	💳	credit card	bank|card|cash|charge|credit|money|pay	0.6	
Objects	🧾	receipt	accounting|bookkeeping|evidence|invoice|proof|receipt	11.0	
Objects	💹	chart increasing with yen	bank|chart|currency|graph|growth|increasing|market|money|rise|trend|upward|yen	0.6	
Objects	✉️	envelope	e-mail|email|envelope|letter	0.6	
Objects	📧	e-mail	e-mail|email|letter|mail	0.6	
Objects	📨	incoming envelope	delivering|e-mail|email|envelope|incoming|letter|mail|receive|sent	0.6	
Objects	📩	envelope with arrow	arrow|communication|down|e-mail|email|envelope|letter|mail|outgoing|send|sent	0.6	
Objects	📤	outbox tray	box|email|letter|mail|outbox|sent|tray	0.6	
Objects	📥	inbox tray	box|email|inbox|letter|mail|receive|tray|zero	0.6	
Objects	📦	package	box|communication|delivery|package|parcel|shipping	0.6	
Objects	📫	closed mailbox with raised flag	closed|communication|flag|mail|mailbox|postbox|raised	0.6	
Objects	📪	closed mailbox with lowered flag	closed|flag|lowered|mail|mailbox|postbox	0.6	
Objects	📬	open mailbox with raised flag	flag|mail|mailbox|open|postbox|raised	0.7	
Objects	📭	open mailbox with lowered flag	flag|lowered|mail|mailbox|open|postbox	0.7	
Objects	📮	postbox	mail|mailbox|postbox	0.6	
Objects	🗳️	ballot box with ballot	ballot|box	0.7	
Objects	✏️	pencil	pencil	0.6	
Objects	✒️	black nib	black|nib|pen	0.6	
Objects	🖋️	fountain pen	fountain|pen	0.7	
Objects	🖊️	pen	ballpoint|pen	0.7	
Objects	🖌️	paintbrush	paintbrush|painting	0.7	
Objects	🖍️	crayon	crayon	0.7	
Objects	📝	memo	communication|media|memo|notes|pencil	0.6	
Objects	🪌	eraser		18.0	
Objects	💼	briefcase	briefcase|office	0.6	
Objects	📁	file folder	file|folder	0.6	
Objects	📂	open file folder	file|folder|open	0.6	
Objects	🗂️	card index dividers	card|dividers|index	0.7	
Objects	📅	calendar	calendar|date	0.6	
Objects	📆	tear-off calendar	calendar|tear-off	0.6	
Objects	🗒️	spiral notepad	note|notepad|pad|spiral	0.7	
Objects	🗓️	spiral calendar	calendar|pad|spiral	0.7	
Objects	📇	card index	card|index|old|rolodex|school	0.6	
Objects	📈	chart increasing	chart|data|graph|growth|increasing|right|trend|up|upward	0.6	
Objects	📉	chart decreasing	chart|data|decreasing|down|downward|graph|negative|trend	0.6	
Objects	📊	bar chart	bar|chart|data|graph	0.6	
Objects	📋	clipboard	clipboard|do|list|notes	0.6	
Objects	📌	pushpin	collage|pin|pushpin	0.6	
Objects	📍	round pushpin	location|map|pin|pushpin|round	0.6	
Objects	📎	paperclip	paperclip	0.6	
Objects	🖇️	linked paperclips	link|linked|paperclip|paperclips	0.7	
Objects	📏	straight ruler	angle|edge|math|ruler|straight|straightedge	0.6	
Objects	📐	triangular ruler	angle|math|rule|ruler|set|slide|triangle|triangular	0.6	
Objects	✂️	scissors	cut|cutting|paper|scissors|tool	0.6	
Objects	🗃️	card file box	box|card|file	0.7	
Objects	🗄️	file cabinet	cabinet|file|filing|paper	0.7	
Objects	🗑️	wastebasket	can|garbage|trash|waste|wastebasket	0.7	
Objects	🔒	locked	closed|lock|locked|private	0.6	
Objects	🔓	unlocked	cracked|lock|open|unlock|unlocked	0.6	
Objects	🔏	locked with pen	ink|lock|locked|nib|pen|privacy	0.6	
Objects	🔐	locked with key	bike|closed|key|lock|locked|secure	0.6	
Objects	🔑	key	key|keys|lock|major|password|unlock	0.6	
Objects	🗝️	old key	clue|key|lock|old	0.7	
Objects	🪍	net with handle		18.0	
Objects	🔨	hammer	hammer|home|improvement|repairs|tool	0.6	
Objects	🪓	axe	ax|axe|chop|hatchet|split|wood	12.0	
Objects	⛏️	pick	hammer|mining|pick|tool	0.7	
Objects	⚒️	hammer and pick	hammer|pick|tool	1.0	
Objects	🛠️	hammer and wrench	hammer|spanner|tool|wrench	0.7	
Objects	🗡️	dagger	dagger|knife|weapon	0.7	
Objects	⚔️	crossed swords	crossed|swords|weapon	1.0	
Objects	💣	bomb	bomb|boom|comic|dangerous|explosion|hot	0.6	
Objects	🪃	boomerang	boomerang|rebound|repercussion|weapon	13.0	
Objects	🏹	bow and arrow	archer|archery|arrow|bow|Sagittarius|tool|weapon|zodiac	1.0	
Objects	🛡️	shield	shield|weapon	0.7	
Objects	🪚	carpentry saw	carpenter|carpentry|cut|lumber|saw|tool|trim	13.0	
Objects	🔧	wrench	home|improvement|spanner|tool|wrench	0.6	
Objects	🪛	screwdriver	flathead|handy|screw|screwdriver|tool	13.0	
Objects	🔩	nut and bolt	bolt|home|improvement|nut|tool	0.6	
Objects	⚙️	gear	cog|cogwheel|gear|tool	1.0	
Objects	🗜️	clamp	clamp|compress|tool|vice	0.7	
Objects	⚖️	balance scale	balance|justice|Libra|scale|scales|tool|weight|zodiac	1.0	
Objects	🦯	white cane	accessibility|blind|cane|probing|white	12.0	
Objects	🔗	link	link|links	0.6	
Objects	⛓️‍💥	broken chain	break|breaking|broken|chain|cuffs|freedom	15.1	
Objects	⛓️	chains	chain|chains	0.7	
Objects	🪝	hook	catch|crook|curve|ensnare|hook|point|selling	13.0	
Objects	🧰	toolbox	box|chest|mechanic|red|tool|toolbox	11.0	
Objects	🧲	magnet	attraction|horseshoe|magnet|magnetic|negative|positive|shape|u	11.0	
Objects	🪜	ladder	climb|ladder|rung|step	13.0	
Objects	🪏	shovel	bury|dig|garden|hole|plant|scoop|shovel|snow|spade	16.0	
Objects	⚗️	alembic	alembic|chemistry|tool	1.0	
Objects	🧪	test tube	chemist|chemistry|experiment|lab|science|test|tube	11.0	
Objects	🧫	petri dish	bacteria|biologist|biology|culture|dish|lab|petri	11.0	
Objects	🧬	dna	biologist|dna|evolution|gene|genetics|life	11.0	
Objects	🔬	microscope	experiment|lab|microscope|science|tool	1.0	
Objects	🔭	telescope	contact|extraterrestrial|science|telescope|tool	1.0	
Objects	📡	satellite antenna	aliens|antenna|contact|dish|satellite|science	0.6	
Objects	💉	syringe	doctor|flu|medicine|needle|shot|sick|syringe|tool|vaccination	0.6	
Objects	🩸	drop of blood	bleed|blood|donation|drop|injury|medicine|menstruation	12.0	
Objects	💊	pill	doctor|drugs|medicated|medicine|pill|pills|sick|vitamin	0.6	
Objects	🩹	adhesive bandage	adhesive|bandage	12.0	
Objects	🩼	crutch	aid|cane|crutch|disability|help|hurt|injured|mobility|stick	14.0	
Objects	🩺	stethoscope	doctor|heart|medicine|stethoscope	12.0	
Objects	🩻	x-ray	bones|doctor|medical|skeleton|skull|x-ray|xray	14.0	
Objects	🚪	door	back|closet|door|front	0.6	
Objects	🛗	elevator	accessibility|elevator|hoist|lift	13.0	
Objects	🪞	mirror	makeup|mirror|reflection|reflector|speculum	13.0	
Objects	🪟	window	air|frame|fresh|opening|transparent|view|window	13.0	
Objects	🛏️	bed	bed|hotel|sleep	0.7	
Objects	🛋️	couch and lamp	couch|hotel|lamp	0.7	
Objects	🪑	chair	chair|seat|sit	12.0	
Objects	🚽	toilet	bathroom|toilet	0.6	
Objects	🪠	plunger	cup|force|plumber|plunger|poop|suction|toilet	13.0	
Objects	🚿	shower	shower|water	1.0	
Objects	🛁	bathtub	bath|bathtub	1.0	
Objects	🪤	mouse trap	bait|cheese|lure|mouse|mousetrap|snare|trap	13.0	
Objects	🪒	razor	razor|sharp|shave	12.0	
Objects	🧴	lotion bottle	bottle|lotion|moisturizer|shampoo|sunscreen	11.0	
Objects	🧷	safety pin	diaper|pin|punk|rock|safety	11.0	
Objects	🧹	broom	broom|cleaning|sweeping|witch	11.0	
Objects	🧺	basket	basket|farming|laundry|picnic	11.0	
Objects	🧻	roll of paper	paper|roll|toilet|towels	11.0	
Objects	🪣	bucket	bucket|cask|pail|vat	13.0	
Objects	🧼	soap	bar|bathing|clean|cleaning|lather|soap|soapdish	11.0	
Objects	🫧	bubbles	bubble|bubbles|burp|clean|floating|pearl|soap|underwater	14.0	
Objects	🪥	toothbrush	bathroom|brush|clean|dental|hygiene|teeth|toiletry|toothbrush	13.0	
Objects	🧽	sponge	absorbing|cleaning|porous|soak|sponge	11.0	
Objects	🧯	fire extinguisher	extinguish|extinguisher|fire|quench	11.0	
Objects	🛒	shopping cart	cart|shopping|trolley	3.0	
Objects	🚬	cigarette	cigarette|smoking	0.6	
Objects	⚰️	coffin	coffin|dead|death|vampire	1.0	
Objects	🪦	headstone	cemetery|dead|grave|graveyard|headstone|memorial|rip|tomb|tombstone	13.0	
Objects	⚱️	funeral urn	ashes|death|funeral|urn	1.0	
Objects	🧿	nazar amulet	amulet|bead|blue|charm|evil-eye|nazar|talisman	11.0	
Objects	🪬	hamsa	amulet|Fatima|fortune|guide|hamsa|hand|Mary|Miriam|palm|protect|protection	14.0	
Objects	🗿	moai	face|moai|moyai|statue|stoneface|travel	0.6	
Objects	🪧	placard	card|demonstration|notice|picket|placard|plaque|protest|sign	13.0	
Objects	🪪	identification card	card|credentials|document|ID|identification|license|security	14.0	
Symbols	🏧	ATM sign	ATM|automated|bank|cash|money|sign|teller	0.6	
Symbols	🚮	litter in bin sign	bin|litter|litterbin|sign	1.0	
Symbols	🚰	potable water	drinking|potable|water	1.0	
Symbols	♿	wheelchair symbol	access|handicap|symbol|wheelchair	0.6	
Symbols	🚹	men’s room	bathroom|lavatory|man|men’s|restroom|room|toilet|WC	0.6	
Symbols	🚺	women’s room	bathroom|lavatory|restroom|room|toilet|WC|woman|women’s	0.6	
Symbols	🚻	restroom	bathroom|lavatory|restroom|toilet|WC	0.6	
Symbols	🚼	baby symbol	baby|changing|symbol	0.6	
Symbols	🚾	water closet	bathroom|closet|lavatory|restroom|toilet|water|WC	0.6	
Symbols	🛂	passport control	control|passport	1.0	
Symbols	🛃	customs	customs|packing	1.0	
Symbols	🛄	baggage claim	arrived|baggage|bags|case|checked|claim|journey|packing|plane|ready|travel|trip	1.0	
Symbols	🛅	left luggage	baggage|case|left|locker|luggage	1.0	
Symbols	⚠️	warning	caution|warning	0.6	
Symbols	🚸	children crossing	child|children|crossing|pedestrian|traffic	1.0	
Symbols	⛔	no entry	do|entry|fail|forbidden|no|not|pass|prohibited|traffic	0.6	
Symbols	🚫	prohibited	entry|forbidden|no|not|prohibited|smoke	0.6	
Symbols	🚳	no bicycles	bicycle|bicycles|bike|forbidden|no|not|prohibited	1.0	
Symbols	🚭	no smoking	forbidden|no|not|prohibited|smoke|smoking	0.6	
Symbols	🚯	no littering	forbidden|litter|littering|no|not|prohibited	1.0	
Symbols	🚱	non-potable water	dry|non-drinking|non-potable|prohibited|water	1.0	
Symbols	🚷	no pedestrians	forbidden|no|not|pedestrian|pedestrians|prohibited	1.0	
Symbols	📵	no mobile phones	cell|forbidden|mobile|no|not|phone|phones|prohibited|telephone	1.0	
Symbols	🔞	no one under eighteen	18|age|eighteen|forbidden|no|not|one|prohibited|restriction|underage	0.6	
Symbols	☢️	radioactive	radioactive|sign	1.0	
Symbols	☣️	biohazard	biohazard|sign	1.0	
Symbols	⬆️	up arrow	arrow|cardinal|direction|north|up	0.6	
Symbols	↗️	up-right arrow	arrow|direction|intercardinal|northeast|up-right	0.6	
Symbols	➡️	right arrow	arrow|cardinal|direction|east|right	0.6	
Symbols	↘️	down-right arrow	arrow|direction|down-right|intercardinal|southeast	0.6	
Symbols	⬇️	down arrow	arrow|cardinal|direction|down|south	0.6	
Symbols	↙️	down-left arrow	arrow|direction|down-left|intercardinal|southwest	0.6	
Symbols	⬅️	left arrow	arrow|cardinal|direction|left|west	0.6	
Symbols	↖️	up-left arrow	arrow|direction|intercardinal|northwest|up-left	0.6	
Symbols	↕️	up-down arrow	arrow|up-down	0.6	
Symbols	↔️	left-right arrow	arrow|left-right	0.6	
Symbols	↩️	right arrow curving left	arrow|curving|left|right	0.6	
Symbols	↪️	left arrow curving right	arrow|curving|left|right	0.6	
Symbols	⤴️	right arrow curving up	arrow|curving|right|up	0.6	
Symbols	⤵️	right arrow curving down	arrow|curving|down|right	0.6	
Symbols	🔃	clockwise vertical arrows	arrow|arrows|clockwise|refresh|reload|vertical	0.6	
Symbols	🔄	counterclockwise arrows button	again|anticlockwise|arrow|arrows|button|counterclockwise|deja|refresh|rewindershins|vu	1.0	
Symbols	🔙	BACK arrow	arrow|BACK	0.6	
Symbols	🔚	END arrow	arrow|END	0.6	
Symbols	🔛	ON! arrow	arrow|mark|ON!	0.6	
Symbols	🔜	SOON arrow	arrow|brb|omw|SOON	0.6	
Symbols	🔝	TOP arrow	arrow|homie|TOP|up	0.6	
Symbols	🛐	place of worship	place|pray|religion|worship	1.0	
Symbols	⚛️	atom symbol	atheist|atom|symbol	1.0	
Symbols	🕉️	om	Hindu|om|religion	0.7	
Symbols	✡️	star of David	David|Jew|Jewish|judaism|religion|star	0.7	
Symbols	☸️	wheel of dharma	Buddhist|dharma|religion|wheel	0.7	
Symbols	☯️	yin yang	difficult|lives|religion|tao|taoist|total|yang|yin|yinyang	0.7	
Symbols	✝️	latin cross	christ|Christian|cross|latin|religion	0.7	
Symbols	☦️	orthodox cross	Christian|cross|orthodox|religion	1.0	
Symbols	☪️	star and crescent	crescent|islam|Muslim|ramadan|religion|star	0.7	
Symbols	☮️	peace symbol	healing|peace|peaceful|symbol	1.0	
Symbols	🕎	menorah	candelabrum|candlestick|hanukkah|jewish|judaism|menorah|religion	1.0	
Symbols	🔯	dotted six-pointed star	dotted|fortune|jewish|judaism|six-pointed|star	0.6	
Symbols	🪯	khanda	Deg|Fateh|Khalsa|Khanda|religion|Sikh|Sikhism|Tegh	15.0	
Symbols	♈	Aries	Aries|horoscope|ram|zodiac	0.6	
Symbols	♉	Taurus	bull|horoscope|ox|Taurus|zodiac	0.6	
Symbols	♊	Gemini	Gemini|horoscope|twins|zodiac	0.6	
Symbols	♋	Cancer	Cancer|crab|horoscope|zodiac	0.6	
Symbols	♌	Leo	horoscope|Leo|lion|zodiac	0.6	
Symbols	♍	Virgo	horoscope|Virgo|zodiac	0.6	
Symbols	♎	Libra	balance|horoscope|justice|Libra|scales|zodiac	0.6	
Symbols	♏	Scorpio	horoscope|Scorpio|scorpion|Scorpius|zodiac	0.6	
Symbols	♐	Sagittarius	archer|horoscope|Sagittarius|zodiac	0.6	
Symbols	♑	Capricorn	Capricorn|goat|horoscope|zodiac	0.6	
Symbols	♒	Aquarius	Aquarius|bearer|horoscope|water|zodiac	0.6	
Symbols	♓	Pisces	fish|horoscope|Pisces|zodiac	0.6	
Symbols	⛎	Ophiuchus	bearer|Ophiuchus|serpent|snake|zodiac	0.6	
Symbols	🔀	shuffle tracks button	arrow|button|crossed|shuffle|tracks	1.0	
Symbols	🔁	repeat button	arrow|button|clockwise|repeat	1.0	
Symbols	🔂	repeat single button	arrow|button|clockwise|once|repeat|single	1.0	
Symbols	▶️	play button	arrow|button|play|right|triangle	0.6	
Symbols	⏩	fast-forward button	arrow|button|double|fast|fast-forward|forward	0.6	
Symbols	⏭️	next track button	arrow|button|next|scene|track|triangle	0.7	
Symbols	⏯️	play or pause button	arrow|button|pause|play|right|triangle	1.0	
Symbols	◀️	reverse button	arrow|button|left|reverse|triangle	0.6	
Symbols	⏪	fast reverse button	arrow|button|double|fast|reverse|rewind	0.6	
Symbols	⏮️	last track button	arrow|button|last|previous|scene|track|triangle	0.7	
Symbols	🔼	upwards button	arrow|button|red|up|upwards	0.6	
Symbols	⏫	fast up button	arrow|button|double|fast|up	0.6	
Symbols	🔽	downwards button	arrow|button|down|downwards|red	0.6	
Symbols	⏬	fast down button	arrow|button|double|down|fast	0.6	
Symbols	⏸️	pause button	bar|button|double|pause|vertical	0.7	
Symbols	⏹️	stop button	button|square|stop	0.7	
Symbols	⏺️	record button	button|circle|record	0.7	
Symbols	⏏️	eject button	button|eject	1.0	
Symbols	🎦	cinema	camera|cinema|film|movie	0.6	
Symbols	🔅	dim button	brightness|button|dim|low	1.0	
Symbols	🔆	bright button	bright|brightness|button|light	1.0	
Symbols	📶	antenna bars	antenna|bar|bars|cell|communication|mobile|phone|signal|telephone	0.6	
Symbols	🛜	wireless	broadband|computer|connectivity|hotspot|internet|network|router|smartphone|wi-fi|wifi|wireless|wlan	15.0	
Symbols	📳	vibration mode	cell|communication|mobile|mode|phone|telephone|vibration	0.6	
Symbols	📴	mobile phone off	cell|mobile|off|phone|telephone	0.6	
Symbols	♀️	female sign	female|sign|woman	4.0	
Symbols	♂️	male sign	male|man|sign	4.0	
Symbols	⚧️	transgender symbol	symbol|transgender	13.0	
Symbols	✖️	multiply	×|cancel|multiplication|multiply|sign|x	0.6	
Symbols	➕	plus	+|plus	0.6	
Symbols	➖	minus	-|−|heavy|math|minus|sign	0.6	
Symbols	➗	divide	÷|divide|division|heavy|math|sign	0.6	
Symbols	🟰	heavy equals sign	answer|equal|equality|equals|heavy|math|sign	14.0	
Symbols	♾️	infinity	forever|infinity|unbounded|universal	11.0	
Symbols	‼️	double exclamation mark	!|!!|bangbang|double|exclamation|mark|punctuation	0.6	
Symbols	⁉️	exclamation question mark	!|!?|?|exclamation|interrobang|mark|punctuation|question	0.6	
Symbols	❓	red question mark	?|mark|punctuation|question|red	0.6	
Symbols	❔	white question mark	?|mark|outlined|punctuation|question|white	0.6	
Symbols	❕	white exclamation mark	!|exclamation|mark|outlined|punctuation|white	0.6	
Symbols	❗	red exclamation mark	!|exclamation|mark|punctuation|red	0.6	
Symbols	〰️	wavy dash	dash|punctuation|wavy	0.6	
Symbols	💱	currency exchange	bank|currency|exchange|money	0.6	
Symbols	💲	heavy dollar sign	billion|cash|charge|currency|dollar|heavy|million|money|pay|sign	0.6	
Symbols	⚕️	medical symbol	aesculapius|medical|medicine|staff|symbol	4.0	
Symbols	♻️	recycling symbol	recycle|recycling|symbol	0.6	
Symbols	⚜️	fleur-de-lis	fleur-de-lis|knights	1.0	
Symbols	🔱	trident emblem	anchor|emblem|poseidon|ship|tool|trident	0.6	
Symbols	📛	name badge	badge|name	0.6	
Symbols	🔰	Japanese symbol for beginner	beginner|chevron|green|Japanese|leaf|symbol|tool|yellow	0.6	
Symbols	⭕	hollow red circle	circle|heavy|hollow|large|o|red	0.6	
Symbols	✅	check mark button	✓|button|check|checked|checkmark|complete|completed|done|fixed|mark|tick	0.6	
Symbols	☑️	check box with check	✓|ballot|box|check|checked|done|off|tick	0.6	
Symbols	✔️	check mark	✓|check|checked|checkmark|done|heavy|mark|tick	0.6	
Symbols	❌	cross mark	×|cancel|cross|mark|multiplication|multiply|x	0.6	
Symbols	❎	cross mark button	×|button|cross|mark|multiplication|multiply|square|x	0.6	
Symbols	➰	curly loop	curl|curly|loop	0.6	
Symbols	➿	double curly loop	curl|curly|double|loop	1.0	
Symbols	〽️	part alternation mark	alternation|mark|part	0.6	
Symbols	✳️	eight-spoked asterisk	*|asterisk|eight-spoked	0.6	
Symbols	✴️	eight-pointed star	*|eight-pointed|star	0.6	
Symbols	❇️	sparkle	*|sparkle	0.6	
Symbols	©️	copyright	C|copyright	0.6	
Symbols	®️	registered	R|registered	0.6	
Symbols	™️	trade mark	mark|TM|trade|trademark	0.6	
Symbols	🫟	splatter	drip|holi|ink|liquid|mess|paint|spill|splatter|stain	16.0	
Symbols	#️⃣	keycap: #	keycap	0.6	
Symbols	*️⃣	keycap: *	keycap	2.0	
Symbols	0️⃣	keycap: 0	0|keycap|zero	0.6	
Symbols	1️⃣	keycap: 1	1|keycap|one	0.6	
Symbols	2️⃣	keycap: 2	2|keycap|two	0.6	
Symbols	3️⃣	keycap: 3	3|keycap|three	0.6	
Symbols	4️⃣	keycap: 4	4|four|keycap	0.6	
Symbols	5️⃣	keycap: 5	5|five|keycap	0.6	
Symbols	6️⃣	keycap: 6	6|keycap|six	0.6	
Symbols	7️⃣	keycap: 7	7|keycap|seven	0.6	
Symbols	8️⃣	keycap: 8	8|eight|keycap	0.6	
Symbols	9️⃣	keycap: 9	9|keycap|nine	0.6	
Symbols	🔟	keycap: 10	keycap	0.6	
Symbols	🔠	input latin uppercase	ABCD|input|latin|letters|uppercase	0.6	
Symbols	🔡	input latin lowercase	abcd|input|latin|letters|lowercase	0.6	
Symbols	🔢	input numbers	1234|input|numbers	0.6	
Symbols	🔣	input symbols	&|%|♪|〒|input|symbols	0.6	
Symbols	🔤	input latin letters	abc|alphabet|input|latin|letters	0.6	
Symbols	🅰️	A button (blood type)	blood|button|type	0.6	
Symbols	🆎	AB button (blood type)	AB|blood|button|type	0.6	
Symbols	🅱️	B button (blood type)	B|blood|button|type	0.6	
Symbols	🆑	CL button	button|CL	0.6	
Symbols	🆒	COOL button	button|COOL	0.6	
Symbols	🆓	FREE button	button|FREE	0.6	
Symbols	ℹ️	information	I|information	0.6	
Symbols	🆔	ID button	button|ID|identity	0.6	
Symbols	Ⓜ️	circled M	circle|circled|M	0.6	
Symbols	🆕	NEW button	button|NEW	0.6	
Symbols	🆖	NG button	button|NG	0.6	
Symbols	🅾️	O button (blood type)	blood|button|O|type	0.6	
Symbols	🆗	OK button	button|OK|okay	0.6	
Symbols	🅿️	P button	button|P|parking	0.6	
Symbols	🆘	SOS button	button|help|SOS	0.6	
Symbols	🆙	UP! button	button|mark|UP|UP!	0.6	
Symbols	🆚	VS button	button|versus|VS	0.6	
Symbols	🈁	Japanese “here” button	button|here|Japanese|katakana	0.6	
Symbols	🈂️	Japanese “service charge” button	button|charge|Japanese|katakana|service	0.6	
Symbols	🈷️	Japanese “monthly amount” button	amount|button|ideograph|Japanese|monthly	0.6	
Symbols	🈶	Japanese “not free of charge” button	button|charge|free|ideograph|Japanese|not	0.6	
Symbols	🈯	Japanese “reserved” button	button|ideograph|Japanese|reserved	0.6	
Symbols	🉐	Japanese “bargain” button	bargain|button|ideograph|Japanese	0.6	
Symbols	🈹	Japanese “discount” button	button|discount|ideograph|Japanese	0.6	
Symbols	🈚	Japanese “free of charge” button	button|charge|free|ideograph|Japanese	0.6	
Symbols	🈲	Japanese “prohibited” button	button|ideograph|Japanese|prohibited	0.6	
Symbols	🉑	Japanese “acceptable” button	acceptable|button|ideograph|Japanese	0.6	
Symbols	🈸	Japanese “application” button	application|button|ideograph|Japanese	0.6	
Symbols	🈴	Japanese “passing grade” button	button|grade|ideograph|Japanese|passing	0.6	
Symbols	🈳	Japanese “vacancy” button	button|ideograph|Japanese|vacancy	0.6	
Symbols	㊗️	Japanese “congratulations” button	button|congratulations|ideograph|Japanese	0.6	
Symbols	㊙️	Japanese “secret” button	button|ideograph|Japanese|secret	0.6	
Symbols	🈺	Japanese “open for business” button	business|button|ideograph|Japanese|open	0.6	
Symbols	🈵	Japanese “no vacancy” button	button|ideograph|Japanese|no|vacancy	0.6	
Symbols	🔴	red circle	circle|geometric|red	0.6	
Symbols	🟠	orange circle	circle|orange	12.0	
Symbols	🟡	yellow circle	circle|yellow	12.0	
Symbols	🟢	green circle	circle|green	12.0	
Symbols	🔵	blue circle	blue|circle|geometric	0.6	
Symbols	🟣	purple circle	circle|purple	12.0	
Symbols	🟤	brown circle	brown|circle	12.0	
Symbols	⚫	black circle	black|circle|geometric	0.6	
Symbols	⚪	white circle	circle|geometric|white	0.6	
Symbols	🟥	red square	card|penalty|red|square	12.0	
Symbols	🟧	orange square	orange|square	12.0	
Symbols	🟨	yellow square	card|penalty|square|yellow	12.0	
Symbols	🟩	green square	green|square	12.0	
Symbols	🟦	blue square	blue|square	12.0	
Symbols	🟪	purple square	purple|square	12.0	
Symbols	🟫	brown square	brown|square	12.0	
Symbols	⬛	black large square	black|geometric|large|square	0.6	
Symbols	⬜	white large square	geometric|large|square|white	0.6	
Symbols	◼️	black medium square	black|geometric|medium|square	0.6	
Symbols	◻️	white medium square	geometric|medium|square|white	0.6	
Symbols	◾	black medium-small square	black|geometric|medium-small|square	0.6	
Symbols	◽	white medium-small square	geometric|medium-small|square|white	0.6	
Symbols	▪️	black small square	black|geometric|small|square	0.6	
Symbols	▫️	white small square	geometric|small|square|white	0.6	
Symbols	🔶	large orange diamond	diamond|geometric|large|orange	0.6	
Symbols	🔷	large blue diamond	blue|diamond|geometric|large	0.6	
Symbols	🔸	small orange diamond	diamond|geometric|orange|small	0.6	
Symbols	🔹	small blue diamond	blue|diamond|geometric|small	0.6	
Symbols	🔺	red triangle pointed up	geometric|pointed|red|triangle|up	0.6	
Symbols	🔻	red triangle pointed down	down|geometric|pointed|red|triangle	0.6	
Symbols	💠	diamond with a dot	comic|diamond|dot|geometric	0.6	
Symbols	🔘	radio button	button|geometric|radio	0.6	
Symbols	🔳	white square button	button|geometric|outlined|square|white	0.6	
Symbols	🔲	black square button	black|button|geometric|square	0.6	
Flags	🏁	chequered flag	checkered|chequered|finish|flag|flags|game|race|racing|sport|win	0.6	
Flags	🚩	triangular flag	construction|flag|golf|post|triangular	0.6	
Flags	🎌	crossed flags	celebration|cross|crossed|flags|Japanese	0.6	
Flags	🏴	black flag	black|flag|waving	1.0	
Flags	🏳️	white flag	flag|waving|white	0.7	
Flags	🏳️‍🌈	rainbow flag	bisexual|flag|gay|genderqueer|glbt|glbtq|lesbian|lgbt|lgbtq|lgbtqia|pride|queer|rainbow|trans|transgender	4.0	
Flags	🏳️‍⚧️	transgender flag	blue|flag|light|pink|transgender|white	13.0	
Flags	🏴‍☠️	pirate flag	flag|Jolly|pirate|plunder|Roger|treasure	11.0	
Flags	🇦🇨	flag: Ascension Island	flag	2.0	
Flags	🇦🇩	flag: Andorra	flag	2.0	
Flags	🇦🇪	flag: United Arab Emirates	flag	2.0	
Flags	🇦🇫	flag: Afghanistan	flag	2.0	
Flags	🇦🇬	flag: Antigua & Barbuda	flag	2.0	
Flags	🇦🇮	flag: Anguilla	flag	2.0	
Flags	🇦🇱	flag: Albania	flag	2.0	
Flags	🇦🇲	flag: Armenia	flag	2.0	
Flags	🇦🇴	flag: Angola	flag	2.0	
Flags	🇦🇶	flag: Antarctica	flag	2.0	
Flags	🇦🇷	flag: Argentina	flag	2.0	
Flags	🇦🇸	flag: American Samoa	flag	2.0	
Flags	🇦🇹	flag: Austria	flag	2.0	
Flags	🇦🇺	flag: Australia	flag	2.0	
Flags	🇦🇼	flag: Aruba	flag	2.0	
Flags	🇦🇽	flag: Åland Islands	flag	2.0	
Flags	🇦🇿	flag: Azerbaijan	flag	2.0	
Flags	🇧🇦	flag: Bosnia & Herzegovina	flag	2.0	
Flags	🇧🇧	flag: Barbados	flag	2.0	
Flags	🇧🇩	flag: Bangladesh	flag	2.0	
Flags	🇧🇪	flag: Belgium	flag	2.0	
Flags	🇧🇫	flag: Burkina Faso	flag	2.0	
Flags	🇧🇬	flag: Bulgaria	flag	2.0	
Flags	🇧🇭	flag: Bahrain	flag	2.0	
Flags	🇧🇮	flag: Burundi	flag	2.0	
Flags	🇧🇯	flag: Benin	flag	2.0	
Flags	🇧🇱	flag: St. Barthélemy	flag	2.0	
Flags	🇧🇲	flag: Bermuda	flag	2.0	
Flags	🇧🇳	flag: Brunei	flag	2.0	
Flags	🇧🇴	flag: Bolivia	flag	2.0	
Flags	🇧🇶	flag: Caribbean Netherlands	flag	2.0	
Flags	🇧🇷	flag: Brazil	flag	2.0	
Flags	🇧🇸	flag: Bahamas	flag	2.0	
Flags	🇧🇹	flag: Bhutan	flag	2.0	
Flags	🇧🇻	flag: Bouvet Island	flag	2.0	
Flags	🇧🇼	flag: Botswana	flag	2.0	
Flags	🇧🇾	flag: Belarus	flag	2.0	
Flags	🇧🇿	flag: Belize	flag	2.0	
Flags	🇨🇦	flag: Canada	flag	2.0	
Flags	🇨🇨	flag: Cocos (Keeling) Islands	flag	2.0	
Flags	🇨🇩	flag: Congo - Kinshasa	flag	2.0	
Flags	🇨🇫	flag: Central African Republic	flag	2.0	
Flags	🇨🇬	flag: Congo - Brazzaville	flag	2.0	
Flags	🇨🇭	flag: Switzerland	flag	2.0	
Flags	🇨🇮	flag: Côte d’Ivoire	flag	2.0	
Flags	🇨🇰	flag: Cook Islands	flag	2.0	
Flags	🇨🇱	flag: Chile	flag	2.0	
Flags	🇨🇲	flag: Cameroon	flag	2.0	
Flags	🇨🇳	flag: China	flag	0.6	
Flags	🇨🇴	flag: Colombia	flag	2.0	
Flags	🇨🇵	flag: Clipperton Island	flag	2.0	
Flags	🇨🇶	flag: Sark	flag	16.0	
Flags	🇨🇷	flag: Costa Rica	flag	2.0	
Flags	🇨🇺	flag: Cuba	flag	2.0	
Flags	🇨🇻	flag: Cape Verde	flag	2.0	
Flags	🇨🇼	flag: Curaçao	flag	2.0	
Flags	🇨🇽	flag: Christmas Island	flag	2.0	
Flags	🇨🇾	flag: Cyprus	flag	2.0	
Flags	🇨🇿	flag: Czechia	flag	2.0	
Flags	🇩🇪	flag: Germany	flag	0.6	
Flags	🇩🇬	flag: Diego Garcia	flag	2.0	
Flags	🇩🇯	flag: Djibouti	flag	2.0	
Flags	🇩🇰	flag: Denmark	flag	2.0	
Flags	🇩🇲	flag: Dominica	flag	2.0	
Flags	🇩🇴	flag: Dominican Republic	flag	2.0	
Flags	🇩🇿	flag: Algeria	flag	2.0	
Flags	🇪🇦	flag: Ceuta & Melilla	flag	2.0	
Flags	🇪🇨	flag: Ecuador	flag	2.0	
Flags	🇪🇪	flag: Estonia	flag	2.0	
Flags	🇪🇬	flag: Egypt	flag	2.0	
Flags	🇪🇭	flag: Western Sahara	flag	2.0	
Flags	🇪🇷	flag: Eritrea	flag	2.0	
Flags	🇪🇸	flag: Spain	flag	0.6	
Flags	🇪🇹	flag: Ethiopia	flag	2.0	
Flags	🇪🇺	flag: European Union	flag	2.0	
Flags	🇫🇮	flag: Finland	flag	2.0	
Flags	🇫🇯	flag: Fiji	flag	2.0	
Flags	🇫🇰	flag: Falkland Islands	flag	2.0	
Flags	🇫🇲	flag: Micronesia	flag	2.0	
Flags	🇫🇴	flag: Faroe Islands	flag	2.0	
Flags	🇫🇷	flag: France	flag	0.6	
Flags	🇬🇦	flag: Gabon	flag	2.0	
Flags	🇬🇧	flag: United Kingdom	flag	0.6	
Flags	🇬🇩	flag: Grenada	flag	2.0	
Flags	🇬🇪	flag: Georgia	flag	2.0	
Flags	🇬🇫	flag: French Guiana	flag	2.0	
Flags	🇬🇬	flag: Guernsey	flag	2.0	
Flags	🇬🇭	flag: Ghana	flag	2.0	
Flags	🇬🇮	flag: Gibraltar	flag	2.0	
Flags	🇬🇱	flag: Greenland	flag	2.0	
Flags	🇬🇲	flag: Gambia	flag	2.0	
Flags	🇬🇳	flag: Guinea	flag	2.0	
Flags	🇬🇵	flag: Guadeloupe	flag	2.0	
Flags	🇬🇶	flag: Equatorial Guinea	flag	2.0	
Flags	🇬🇷	flag: Greece	flag	2.0	
Flags	🇬🇸	flag: South Georgia & South Sandwich Islands	flag	2.0	
Flags	🇬🇹	flag: Guatemala	flag	2.0	
Flags	🇬🇺	flag: Guam	flag	2.0	
Flags	🇬🇼	flag: Guinea-Bissau	flag	2.0	
Flags	🇬🇾	flag: Guyana	flag	2.0	
Flags	🇭🇰	flag: Hong Kong SAR China	flag	2.0	
Flags	🇭🇲	flag: Heard & McDonald Islands	flag	2.0	
Flags	🇭🇳	flag: Honduras	flag	2.0	
Flags	🇭🇷	flag: Croatia	flag	2.0	
Flags	🇭🇹	flag: Haiti	flag	2.0	
Flags	🇭🇺	flag: Hungary	flag	2.0	
Flags	🇮🇨	flag: Canary Islands	flag	2.0	
Flags	🇮🇩	flag: Indonesia	flag	2.0	
Flags	🇮🇪	flag: Ireland	flag	2.0	
Flags	🇮🇱	flag: Israel	flag	2.0	
Flags	🇮🇲	flag: Isle of Man	flag	2.0	
Flags	🇮🇳	flag: India	flag	2.0	
Flags	🇮🇴	flag: British Indian Ocean Territory	flag	2.0	
Flags	🇮🇶	flag: Iraq	flag	2.0	
Flags	🇮🇷	flag: Iran	flag	2.0	
Flags	🇮🇸	flag: Iceland	flag	2.0	
Flags	🇮🇹	flag: Italy	flag	0.6	
Flags	🇯🇪	flag: Jersey	flag	2.0	
Flags	🇯🇲	flag: Jamaica	flag	2.0	
Flags	🇯🇴	flag: Jordan	flag	2.0	
Flags	🇯🇵	flag: Japan	flag	0.6	
Flags	🇰🇪	flag: Kenya	flag	2.0	
Flags	🇰🇬	flag: Kyrgyzstan	flag	2.0	
Flags	🇰🇭	flag: Cambodia	flag	2.0	
Flags	🇰🇮	flag: Kiribati	flag	2.0	
Flags	🇰🇲	flag: Comoros	flag	2.0	
Flags	🇰🇳	flag: St. Kitts & Nevis	flag	2.0	
Flags	🇰🇵	flag: North Korea	flag	2.0	
Flags	🇰🇷	flag: South Korea	flag	0.6	
Flags	🇰🇼	flag: Kuwait	flag	2.0	
Flags	🇰🇾	flag: Cayman Islands	flag	2.0	
Flags	🇰🇿	flag: Kazakhstan	flag	2.0	
Flags	🇱🇦	flag: Laos	flag	2.0	
Flags	🇱🇧	flag: Lebanon	flag	2.0	
Flags	🇱🇨	flag: St. Lucia	flag	2.0	
Flags	🇱🇮	flag: Liechtenstein	flag	2.0	
Flags	🇱🇰	flag: Sri Lanka	flag	2.0	
Flags	🇱🇷	flag: Liberia	flag	2.0	
Flags	🇱🇸	flag: Lesotho	flag	2.0	
Flags	🇱🇹	flag: Lithuania	flag	2.0	
Flags	🇱🇺	flag: Luxembourg	flag	2.0	
Flags	🇱🇻	flag: Latvia	flag	2.0	
Flags	🇱🇾	flag: Libya	flag	2.0	
Flags	🇲🇦	flag: Morocco	flag	2.0	
Flags	🇲🇨	flag: Monaco	flag	2.0	
Flags	🇲🇩	flag: Moldova	flag	2.0	
Flags	🇲🇪	flag: Montenegro	flag	2.0	
Flags	🇲🇫	flag: St. Martin	flag	2.0	
Flags	🇲🇬	flag: Madagascar	flag	2.0	
Flags	🇲🇭	flag: Marshall Islands	flag	2.0	
Flags	🇲🇰	flag: North Macedonia	flag	2.0	
Flags	🇲🇱	flag: Mali	flag	2.0	
Flags	🇲🇲	flag: Myanmar (Burma)	flag	2.0	
Flags	🇲🇳	flag: Mongolia	flag	2.0	
Flags	🇲🇴	flag: Macao SAR China	flag	2.0	
Flags	🇲🇵	flag: Northern Mariana Islands	flag	2.0	
Flags	🇲🇶	flag: Martinique	flag	2.0	
Flags	🇲🇷	flag: Mauritania	flag	2.0	
Flags	🇲🇸	flag: Montserrat	flag	2.0	
Flags	🇲🇹	flag: Malta	flag	2.0	
Flags	🇲🇺	flag: Mauritius	flag	2.0	
Flags	🇲🇻	flag: Maldives	flag	2.0	
Flags	🇲🇼	flag: Malawi	flag	2.0	
Flags	🇲🇽	flag: Mexico	flag	2.0	
Flags	🇲🇾	flag: Malaysia	flag	2.0	
Flags	🇲🇿	flag: Mozambique	flag	2.0	
Flags	🇳🇦	flag: Namibia	flag	2.0	
Flags	🇳🇨	flag: New Caledonia	flag	2.0	
Flags	🇳🇪	flag: Niger	flag	2.0	
Flags	🇳🇫	flag: Norfolk Island	flag	2.0	
Flags	🇳🇬	flag: Nigeria	flag	2.0	
Flags	🇳🇮	flag: Nicaragua	flag	2.0	
Flags	🇳🇱	flag: Netherlands	flag	2.0	
Flags	🇳🇴	flag: Norway	flag	2.0	
Flags	🇳🇵	flag: Nepal	flag	2.0	
Flags	🇳🇷	flag: Nauru	flag	2.0	
Flags	🇳🇺	flag: Niue	flag	2.0	
Flags	🇳🇿	flag: New Zealand	flag	2.0	
Flags	🇴🇲	flag: Oman	flag	2.0	
Flags	🇵🇦	flag: Panama	flag	2.0	
Flags	🇵🇪	flag: Peru	flag	2.0	
Flags	🇵🇫	flag: French Polynesia	flag	2.0	
Flags	🇵🇬	flag: Papua New Guinea	flag	2.0	
Flags	🇵🇭	flag: Philippines	flag	2.0	
Flags	🇵🇰	flag: Pakistan	flag	2.0	
Flags	🇵🇱	flag: Poland	flag	2.0	
Flags	🇵🇲	flag: St. Pierre & Miquelon	flag	2.0	
Flags	🇵🇳	flag: Pitcairn Islands	flag	2.0	
Flags	🇵🇷	flag: Puerto Rico	flag	2.0	
Flags	🇵🇸	flag: Palestinian Territories	flag	2.0	
Flags	🇵🇹	flag: Portugal	flag	2.0	
Flags	🇵🇼	flag: Palau	flag	2.0	
Flags	🇵🇾	flag: Paraguay	flag	2.0	
Flags	🇶🇦	flag: Qatar	flag	2.0	
Flags	🇷🇪	flag: Réunion	flag	2.0	
Flags	🇷🇴	flag: Romania	flag	2.0	
Flags	🇷🇸	flag: Serbia	flag	2.0	
Flags	🇷🇺	flag: Russia	flag	0.6	
Flags	🇷🇼	flag: Rwanda	flag	2.0	
Flags	🇸🇦	flag: Saudi Arabia	flag	2.0	
Flags	🇸🇧	flag: Solomon Islands	flag	2.0	
Flags	🇸🇨	flag: Seychelles	flag	2.0	
Flags	🇸🇩	flag: Sudan	flag	2.0	
Flags	🇸🇪	flag: Sweden	flag	2.0	
Flags	🇸🇬	flag: Singapore	flag	2.0	
Flags	🇸🇭	flag: St. Helena	flag	2.0	
Flags	🇸🇮	flag: Slovenia	flag	2.0	
Flags	🇸🇯	flag: Svalbard & Jan Mayen	flag	2.0	
Flags	🇸🇰	flag: Slovakia	flag	2.0	
Flags	🇸🇱	flag: Sierra Leone	flag	2.0	
Flags	🇸🇲	flag: San Marino	flag	2.0	
Flags	🇸🇳	flag: Senegal	flag	2.0	
Flags	🇸🇴	flag: Somalia	flag	2.0	
Flags	🇸🇷	flag: Suriname	flag	2.0	
Flags	🇸🇸	flag: South Sudan	flag	2.0	
Flags	🇸🇹	flag: São Tomé & Príncipe	flag	2.0	
Flags	🇸🇻	flag: El Salvador	flag	2.0	
Flags	🇸🇽	flag: Sint Maarten	flag	2.0	
Flags	🇸🇾	flag: Syria	flag	2.0	
Flags	🇸🇿	flag: Eswatini	flag	2.0	
Flags	🇹🇦	flag: Tristan da Cunha	flag	2.0	
Flags	🇹🇨	flag: Turks & Caicos Islands	flag	2.0	
Flags	🇹🇩	flag: Chad	flag	2.0	
Flags	🇹🇫	flag: French Southern Territories	flag	2.0	
Flags	🇹🇬	flag: Togo	flag	2.0	
Flags	🇹🇭	flag: Thailand	flag	2.0	
Flags	🇹🇯	flag: Tajikistan	flag	2.0	
Flags	🇹🇰	flag: Tokelau	flag	2.0	
Flags	🇹🇱	flag: Timor-Leste	flag	2.0	
Flags	🇹🇲	flag: Turkmenistan	flag	2.0	
Flags	🇹🇳	flag: Tunisia	flag	2.0	
Flags	🇹🇴	flag: Tonga	flag	2.0	
Flags	🇹🇷	flag: Türkiye	flag	2.0	
Flags	🇹🇹	flag: Trinidad & Tobago	flag	2.0	
Flags	🇹🇻	flag: Tuvalu	flag	2.0	
Flags	🇹🇼	flag: Taiwan	flag	2.0	
Flags	🇹🇿	flag: Tanzania	flag	2.0	
Flags	🇺🇦	flag: Ukraine	flag	2.0	
Flags	🇺🇬	flag: Uganda	flag	2.0	
Flags	🇺🇲	flag: U.S. Outlying Islands	flag	2.0	
Flags	🇺🇳	flag: United Nations	flag	4.0	
Flags	🇺🇸	flag: United States	flag	0.6	
Flags	🇺🇾	flag: Uruguay	flag	2.0	
Flags	🇺🇿	flag: Uzbekistan	flag	2.0	
Flags	🇻🇦	flag: Vatican City	flag	2.0	
Flags	🇻🇨	flag: St. Vincent & Grenadines	flag	2.0	
Flags	🇻🇪	flag: Venezuela	flag	2.0	
Flags	🇻🇬	flag: British Virgin Islands	flag	2.0	
Flags	🇻🇮	flag: U.S. Virgin Islands	flag	2.0	
Flags	🇻🇳	flag: Vietnam	flag	2.0	
Flags	🇻🇺	flag: Vanuatu	flag	2.0	
Flags	🇼🇫	flag: Wallis & Futuna	flag	2.0	
Flags	🇼🇸	flag: Samoa	flag	2.0	
Flags	🇽🇰	flag: Kosovo	flag	2.0	
Flags	🇾🇪	flag: Yemen	flag	2.0	
Flags	🇾🇹	flag: Mayotte	flag	2.0	
Flags	🇿🇦	flag: South Africa	flag	2.0	
Flags	🇿🇲	flag: Zambia	flag	2.0	
Flags	🇿🇼	flag: Zimbabwe	flag	2.0	
Flags	🏴󠁧󠁢󠁥󠁮󠁧󠁿	flag: England	flag	5.0	
Flags	🏴󠁧󠁢󠁳󠁣󠁴󠁿	flag: Scotland	flag	5.0	
Flags	🏴󠁧󠁢󠁷󠁬󠁳󠁿	flag: Wales	flag	5.0	
